code,area,date,median_salary,life_satisfaction,mean_salary,recycling_pct,population_size,number_of_jobs,area_size,no_of_houses,borough_flag,mean_recycle_pct,extended_pop_size,number_of_jobs_mean,total_hectar
E09000001,city of london,1999-12-01,33020.0,6.985666932332097,48922.0,0.0,6581.0,412000.0,315.0,0.0,1,23.75," 7,798 ","412,000",315
E09000002,barking and dagenham,1999-12-01,21480.0,6.514959262621224,23620.0,3.0,162444.0,54500.0,3780.0,0.0,1,18.7," 190,533 ","54,500","3,780"
E09000003,barnet,1999-12-01,19568.0,6.995927938280306,23128.0,8.0,313469.0,145000.0,8675.0,0.0,1,27.2," 355,461 ","145,000","8,675"
E09000004,bexley,1999-12-01,18621.0,6.933989137396779,21386.0,18.0,217458.0,79500.0,6429.0,0.0,1,41.5," 232,682 ","79,500","6,429"
E09000005,brent,1999-12-01,18532.0,6.931583802049865,20911.0,6.0,260317.0,120500.0,4323.0,0.0,1,25.35," 307,220 ","120,500","4,323"
E09000006,bromley,1999-12-01,16720.0,6.88360236927641,21293.0,13.0,294902.0,125500.0,15013.0,0.0,1,35.05," 312,248 ","125,500","15,013"
E09000007,camden,1999-12-01,23677.0,6.645165918632255,30249.0,13.0,190003.0,320000.0,2179.0,0.0,1,25.15," 210,941 ","320,000","2,179"
E09000008,croydon,1999-12-01,19563.0,6.5835466483255,22205.0,13.0,332066.0,147000.0,8650.0,0.0,1,27.8," 363,545 ","147,000","8,650"
E09000009,ealing,1999-12-01,20580.0,6.520455084806998,25046.0,12.0,302252.0,144000.0,5554.0,0.0,1,31.3," 337,910 ","144,000","5,554"
E09000010,enfield,1999-12-01,19289.0,6.851739579322833,21006.0,9.0,272731.0,114500.0,8220.0,0.0,1,27.65," 307,073 ","114,500","8,220"
E09000011,greenwich,1999-12-01,21236.0,6.843645080085875,22263.0,4.0,212168.0,82000.0,5044.0,0.0,1,26.75," 254,017 ","82,000","5,044"
E09000012,hackney,1999-12-01,23249.0,6.779163087596639,39629.0,2.0,199087.0,109500.0,1905.0,0.0,1,18.0," 237,843 ","109,500","1,905"
E09000013,hammersmith and fulham,1999-12-01,25000.0,6.560209167999506,28555.0,7.0,160634.0,139500.0,1715.0,0.0,1,20.6," 178,334 ","139,500","1,715"
E09000014,haringey,1999-12-01,18783.0,6.5157504975886145,21683.0,5.0,218559.0,81500.0,2960.0,0.0,1,22.65," 247,026 ","81,500","2,960"
E09000015,harrow,1999-12-01,20596.0,6.983220092521967,22824.0,10.0,207909.0,82000.0,5046.0,0.0,1,33.2," 237,234 ","82,000","5,046"
E09000016,havering,1999-12-01,17165.0,6.663838258899357,18786.0,8.0,225712.0,90500.0,11446.0,0.0,1,24.2," 241,560 ","90,500","11,446"
E09000017,hillingdon,1999-12-01,24002.0,6.683662555926627,28854.0,11.0,245053.0,202000.0,11570.0,0.0,1,34.1," 275,669 ","202,000","11,570"
E09000018,hounslow,1999-12-01,20155.0,6.699455860648763,24602.0,14.0,214298.0,150000.0,5659.0,0.0,1,25.9," 253,036 ","150,000","5,659"
E09000019,islington,1999-12-01,25113.0,6.799692349478524,34180.0,2.0,175717.0,205500.0,1486.0,0.0,1,22.0," 200,758 ","205,500","1,486"
E09000020,kensington and chelsea,1999-12-01,20646.0,6.602461633454727,28074.0,13.0,147678.0,141000.0,1238.0,0.0,1,22.6," 154,609 ","141,000","1,238"
E09000021,kingston upon thames,1999-12-01,19302.0,6.9886483334229315,22967.0,18.0,146003.0,85000.0,3726.0,0.0,1,34.4," 159,166 ","85,000","3,726"
E09000022,lambeth,1999-12-01,23151.0,6.520950767313735,27930.0,8.0,266817.0,150500.0,2725.0,0.0,1,21.6," 298,512 ","150,500","2,725"
E09000023,lewisham,1999-12-01,20580.0,6.964290910439185,23283.0,4.0,250310.0,79500.0,3532.0,0.0,1,15.2," 277,264 ","79,500","3,532"
E09000024,merton,1999-12-01,18962.0,6.732723896430217,21867.0,11.0,185062.0,87500.0,3762.0,0.0,1,28.45," 202,277 ","87,500","3,762"
E09000025,newham,1999-12-01,18862.0,6.939199461891202,20580.0,3.0,240517.0,86500.0,3857.0,0.0,1,12.4," 303,632 ","86,500","3,857"
E09000026,redbridge,1999-12-01,19580.0,6.762611093467984,22087.0,8.0,238138.0,84000.0,5644.0,0.0,1,21.65," 277,852 ","84,000","5,644"
E09000027,richmond upon thames,1999-12-01,22321.0,6.845984243625791,25832.0,35.421052631578945,172782.0,91000.0,5876.0,0.0,1,35.421052631578945," 185,702 ","91,000","5,876"
E09000028,southwark,1999-12-01,22784.0,6.884877677544383,26994.0,3.0,247853.0,246000.0,2991.0,0.0,1,20.9," 284,351 ","246,000","2,991"
E09000029,sutton,1999-12-01,19582.0,6.711800392037698,22725.0,27.0,179375.0,78000.0,4385.0,0.0,1,32.95," 194,087 ","78,000","4,385"
E09000030,tower hamlets,1999-12-01,26376.0,6.529813997272482,37524.0,3.0,193507.0,237000.0,2158.0,0.0,1,17.15,,"237,000","2,158"
E09000031,waltham forest,1999-12-01,18547.0,6.905455293981695,19888.0,9.0,221057.0,75000.0,3881.0,0.0,1,24.5," 253,389 ","75,000","3,881"
E09000032,wandsworth,1999-12-01,21321.0,6.682913216011555,24707.0,7.0,264220.0,129500.0,3522.0,0.0,1,19.8," 302,305 ","129,500","3,522"
E09000033,westminster,1999-12-01,24447.0,6.6232592914784325,36167.0,7.0,189233.0,659000.0,2203.0,0.0,1,17.7,,"659,000","2,203"
E09000001,city of london,2000-12-01,34903.0,6.5074498458499015,52203.0,0.0,7014.0,150000.0,315.0,0.0,1,23.75," 7,798 ","412,000",315
E09000002,barking and dagenham,2000-12-01,22618.0,6.707490836020881,24696.0,4.0,163893.0,150000.0,3780.0,0.0,1,18.7," 190,533 ","54,500","3,780"
E09000003,barnet,2000-12-01,21761.0,6.831936060618536,25755.0,8.0,315784.0,150000.0,8675.0,0.0,1,27.2," 355,461 ","145,000","8,675"
E09000004,bexley,2000-12-01,19363.0,6.511767960867707,22580.0,17.0,218717.0,150000.0,6429.0,0.0,1,41.5," 232,682 ","79,500","6,429"
E09000005,brent,2000-12-01,22348.0,6.664796966319074,23726.0,7.0,264945.0,150000.0,4323.0,0.0,1,25.35," 307,220 ","120,500","4,323"
E09000006,bromley,2000-12-01,16401.0,6.972690850744032,21178.0,13.0,295317.0,150000.0,15013.0,0.0,1,35.05," 312,248 ","125,500","15,013"
E09000007,camden,2000-12-01,25484.0,6.836311391571121,34864.0,16.0,196174.0,150000.0,2179.0,0.0,1,25.15," 210,941 ","320,000","2,179"
E09000008,croydon,2000-12-01,21339.0,6.67056834231102,23440.0,12.0,334241.0,150000.0,8650.0,0.0,1,27.8," 363,545 ","147,000","8,650"
E09000009,ealing,2000-12-01,22512.0,6.944179673042374,26615.0,12.0,304370.0,150000.0,5554.0,0.0,1,31.3," 337,910 ","144,000","5,554"
E09000010,enfield,2000-12-01,22467.0,6.643096378747161,25198.0,8.0,275068.0,150000.0,8220.0,0.0,1,27.65," 307,073 ","114,500","8,220"
E09000011,greenwich,2000-12-01,22121.0,6.540236734470049,23689.0,5.0,214438.0,150000.0,5044.0,0.0,1,26.75," 254,017 ","82,000","5,044"
E09000012,hackney,2000-12-01,24083.0,6.547210310878336,34474.205882352944,1.0,203381.0,150000.0,1905.0,0.0,1,18.0," 237,843 ","109,500","1,905"
E09000013,hammersmith and fulham,2000-12-01,25264.0,6.8549094424799675,28742.0,8.0,164393.0,150000.0,1715.0,0.0,1,20.6," 178,334 ","139,500","1,715"
E09000014,haringey,2000-12-01,19772.0,6.7828828218905155,34474.205882352944,5.0,219845.0,150000.0,2960.0,0.0,1,22.65," 247,026 ","81,500","2,960"
E09000015,harrow,2000-12-01,22238.0,6.504617720475816,24973.0,11.0,209114.0,150000.0,5046.0,0.0,1,33.2," 237,234 ","82,000","5,046"
E09000016,havering,2000-12-01,17418.0,6.645356194276684,19309.0,6.0,225141.0,150000.0,11446.0,0.0,1,24.2," 241,560 ","90,500","11,446"
E09000017,hillingdon,2000-12-01,25038.0,6.73963580897847,29755.0,13.0,245911.0,150000.0,11570.0,0.0,1,34.1," 275,669 ","202,000","11,570"
E09000018,hounslow,2000-12-01,23230.0,6.67372861536023,27632.0,13.0,214731.0,150000.0,5659.0,0.0,1,25.9," 253,036 ","150,000","5,659"
E09000019,islington,2000-12-01,26598.0,6.592838047344976,35135.0,5.0,177852.0,150000.0,1486.0,0.0,1,22.0," 200,758 ","205,500","1,486"
E09000020,kensington and chelsea,2000-12-01,22952.0,6.5147608258348315,28782.0,8.0,154661.0,150000.0,1238.0,0.0,1,22.6," 154,609 ","141,000","1,238"
E09000021,kingston upon thames,2000-12-01,20983.0,6.695493415471363,25225.0,20.0,147328.0,150000.0,3726.0,0.0,1,34.4," 159,166 ","85,000","3,726"
E09000022,lambeth,2000-12-01,24264.0,6.590736546985855,28750.0,9.0,270028.0,150000.0,2725.0,0.0,1,21.6," 298,512 ","150,500","2,725"
E09000023,lewisham,2000-12-01,22357.0,6.650936828904115,22659.0,5.0,252106.0,150000.0,3532.0,0.0,1,15.2," 277,264 ","79,500","3,532"
E09000024,merton,2000-12-01,18906.0,6.907874482907205,22987.0,18.0,188196.0,150000.0,3762.0,0.0,1,28.45," 202,277 ","87,500","3,762"
E09000025,newham,2000-12-01,19437.0,6.905654868579196,21609.0,3.0,245463.0,150000.0,3857.0,0.0,1,12.4," 303,632 ","86,500","3,857"
E09000026,redbridge,2000-12-01,20256.0,6.80489499511561,22421.0,9.0,239868.0,150000.0,5644.0,0.0,1,21.65," 277,852 ","84,000","5,644"
E09000027,richmond upon thames,2000-12-01,22574.0,6.693681257369464,27702.0,15.0,172920.0,150000.0,5876.0,0.0,1,35.421052631578945," 185,702 ","91,000","5,876"
E09000028,southwark,2000-12-01,24857.0,6.985258808818858,29101.0,3.0,252726.0,150000.0,2991.0,0.0,1,20.9," 284,351 ","246,000","2,991"
E09000029,sutton,2000-12-01,22019.0,6.861772629923754,26891.0,25.0,180485.0,150000.0,4385.0,0.0,1,32.95," 194,087 ","78,000","4,385"
E09000030,tower hamlets,2000-12-01,28445.0,6.904055379594973,47253.0,3.0,197133.0,150000.0,2158.0,0.0,1,17.15,,"237,000","2,158"
E09000031,waltham forest,2000-12-01,19776.0,6.886132181619144,22009.0,9.0,221296.0,150000.0,3881.0,0.0,1,24.5," 253,389 ","75,000","3,881"
E09000032,wandsworth,2000-12-01,22840.0,6.8331463253118185,26862.0,7.0,267695.0,150000.0,3522.0,0.0,1,19.8," 302,305 ","129,500","3,522"
E09000033,westminster,2000-12-01,25951.0,6.6702651458277264,40903.0,7.0,196478.0,150000.0,2203.0,0.0,1,17.7,,"659,000","2,203"
E09000001,city of london,2001-12-01,39104.0,6.688521178275373,62819.0,0.0,7359.0,150000.0,1300380.0,5009.0,1,23.75," 7,798 ","412,000",315
E09000002,barking and dagenham,2001-12-01,22323.0,6.712795599287037,26050.0,3.0,165654.0,150000.0,1300380.0,68298.0,1,18.7," 190,533 ","54,500","3,780"
E09000003,barnet,2001-12-01,20916.0,6.788097578757125,26068.0,8.0,319481.0,150000.0,1300380.0,130515.0,1,27.2," 355,461 ","145,000","8,675"
E09000004,bexley,2001-12-01,20217.0,6.729048328399983,23559.0,20.0,218757.0,150000.0,1300380.0,91606.0,1,41.5," 232,682 ","79,500","6,429"
E09000005,brent,2001-12-01,21878.0,6.7605005739793835,24164.0,7.0,269620.0,150000.0,1300380.0,101427.0,1,25.35," 307,220 ","120,500","4,323"
E09000006,bromley,2001-12-01,15684.0,6.819683382491014,19749.0,14.0,296218.0,150000.0,1300380.0,128717.0,1,35.05," 312,248 ","125,500","15,013"
E09000007,camden,2001-12-01,27386.0,6.628108108930145,40033.0,12.0,202567.0,150000.0,1300380.0,93112.0,1,25.15," 210,941 ","320,000","2,179"
E09000008,croydon,2001-12-01,20889.0,6.753463744755164,23994.0,12.0,335112.0,150000.0,1300380.0,141300.0,1,27.8," 363,545 ","147,000","8,650"
E09000009,ealing,2001-12-01,23862.0,6.577168670239402,29516.0,13.0,307276.0,150000.0,1300380.0,120331.0,1,31.3," 337,910 ","144,000","5,554"
E09000010,enfield,2001-12-01,24136.0,6.516652367876813,27605.0,13.0,277266.0,150000.0,1300380.0,112948.0,1,27.65," 307,073 ","114,500","8,220"
E09000011,greenwich,2001-12-01,20761.0,6.576221764065368,23932.0,7.0,217460.0,150000.0,1300380.0,95406.0,1,26.75," 254,017 ","82,000","5,044"
E09000012,hackney,2001-12-01,24095.0,6.703592201031037,34474.205882352944,1.0,207246.0,150000.0,1300380.0,87208.0,1,18.0," 237,843 ","109,500","1,905"
E09000013,hammersmith and fulham,2001-12-01,26319.0,6.880150018860264,30968.0,8.0,169374.0,150000.0,1300380.0,77095.0,1,20.6," 178,334 ","139,500","1,715"
E09000014,haringey,2001-12-01,20349.0,6.991153628406543,21748.0,5.0,221251.0,150000.0,1300380.0,93638.0,1,22.65," 247,026 ","81,500","2,960"
E09000015,harrow,2001-12-01,22960.0,6.691481757077301,26650.0,13.0,210044.0,150000.0,1300380.0,80734.0,1,33.2," 237,234 ","82,000","5,046"
E09000016,havering,2001-12-01,17940.0,6.7249794629822315,20002.0,9.0,224717.0,150000.0,1300380.0,93792.0,1,24.2," 241,560 ","90,500","11,446"
E09000017,hillingdon,2001-12-01,26051.0,6.59625176221116,30465.0,20.0,245616.0,150000.0,1300380.0,99060.0,1,34.1," 275,669 ","202,000","11,570"
E09000018,hounslow,2001-12-01,22853.0,6.8678790453049885,28795.0,16.0,215976.0,150000.0,1300380.0,85810.0,1,25.9," 253,036 ","150,000","5,659"
E09000019,islington,2001-12-01,28323.0,6.622049162988526,44989.0,6.0,179387.0,150000.0,1300380.0,83244.0,1,22.0," 200,758 ","205,500","1,486"
E09000020,kensington and chelsea,2001-12-01,24979.0,6.769090550750234,32475.0,9.0,162199.0,150000.0,1300380.0,83751.0,1,22.6," 154,609 ","141,000","1,238"
E09000021,kingston upon thames,2001-12-01,21427.0,6.799337442177252,27219.0,18.0,149045.0,150000.0,1300380.0,62474.0,1,34.4," 159,166 ","85,000","3,726"
E09000022,lambeth,2001-12-01,24019.0,6.856206326222724,30242.0,8.0,273372.0,150000.0,1300380.0,120390.0,1,21.6," 298,512 ","150,500","2,725"
E09000023,lewisham,2001-12-01,21990.0,6.63257051639894,24850.0,6.0,254336.0,150000.0,1300380.0,108964.0,1,15.2," 277,264 ","79,500","3,532"
E09000024,merton,2001-12-01,21014.0,6.837894204945453,25615.0,15.0,191106.0,150000.0,1300380.0,80789.0,1,28.45," 202,277 ","87,500","3,762"
E09000025,newham,2001-12-01,21054.0,6.6430284480655954,27763.0,3.0,249411.0,150000.0,1300380.0,93390.0,1,12.4," 303,632 ","86,500","3,857"
E09000026,redbridge,2001-12-01,21106.0,6.919266953222278,24321.0,10.0,241893.0,150000.0,1300380.0,93989.0,1,21.65," 277,852 ","84,000","5,644"
E09000027,richmond upon thames,2001-12-01,23799.0,6.73560362236931,29854.0,19.0,174311.0,150000.0,1300380.0,78411.0,1,35.421052631578945," 185,702 ","91,000","5,876"
E09000028,southwark,2001-12-01,27114.0,6.94350210892691,29423.0,4.0,256712.0,150000.0,1300380.0,107119.0,1,20.9," 284,351 ","246,000","2,991"
E09000029,sutton,2001-12-01,22972.0,6.779115627395366,25235.0,16.0,181461.0,150000.0,1300380.0,77701.0,1,32.95," 194,087 ","78,000","4,385"
E09000030,tower hamlets,2001-12-01,31232.0,6.661658700513696,55045.0,3.0,201090.0,150000.0,1300380.0,80225.0,1,17.15,,"237,000","2,158"
E09000031,waltham forest,2001-12-01,21245.0,6.975669417743946,23023.0,8.0,222015.0,150000.0,1300380.0,91992.0,1,24.5," 253,389 ","75,000","3,881"
E09000032,wandsworth,2001-12-01,22054.0,6.976104728996404,25861.0,8.0,271742.0,150000.0,1300380.0,120744.0,1,19.8," 302,305 ","129,500","3,522"
E09000033,westminster,2001-12-01,26829.0,6.714645199122489,41566.0,9.0,203329.0,150000.0,1300380.0,101213.0,1,17.7,,"659,000","2,203"
E09000001,city of london,2002-12-01,39750.0,6.5648399193161575,56450.0,1.0,7280.0,150000.0,1300380.0,5117.0,1,23.75," 7,798 ","412,000",315
E09000002,barking and dagenham,2002-12-01,24813.0,6.593587121856981,26653.0,3.0,166357.0,150000.0,1300380.0,68526.0,1,18.7," 190,533 ","54,500","3,780"
E09000003,barnet,2002-12-01,23112.0,6.593919623373523,30210.0,13.0,320552.0,150000.0,1300380.0,130801.0,1,27.2," 355,461 ","145,000","8,675"
E09000004,bexley,2002-12-01,21101.0,6.560316723868086,23517.0,23.0,219123.0,150000.0,1300380.0,91908.0,1,41.5," 232,682 ","79,500","6,429"
E09000005,brent,2002-12-01,21350.0,6.904676041598483,24071.0,8.0,269871.0,150000.0,1300380.0,102828.0,1,25.35," 307,220 ","120,500","4,323"
E09000006,bromley,2002-12-01,16635.0,6.774598358842611,21513.0,15.0,296668.0,150000.0,1300380.0,128974.0,1,35.05," 312,248 ","125,500","15,013"
E09000007,camden,2002-12-01,27432.0,6.706779035003013,34486.0,14.0,203972.0,150000.0,1300380.0,93884.0,1,25.15," 210,941 ","320,000","2,179"
E09000008,croydon,2002-12-01,22675.0,6.564484201944837,25815.0,13.0,335415.0,150000.0,1300380.0,141424.0,1,27.8," 363,545 ","147,000","8,650"
E09000009,ealing,2002-12-01,24542.0,6.714659370580996,29470.0,15.0,309242.0,150000.0,1300380.0,120590.0,1,31.3," 337,910 ","144,000","5,554"
E09000010,enfield,2002-12-01,24654.0,6.937036200108236,26835.0,14.0,280745.0,150000.0,1300380.0,114131.0,1,27.65," 307,073 ","114,500","8,220"
E09000011,greenwich,2002-12-01,21846.0,6.668172675213604,23853.0,7.0,221476.0,150000.0,1300380.0,95972.0,1,26.75," 254,017 ","82,000","5,044"
E09000012,hackney,2002-12-01,24582.0,6.9942425082808475,32321.0,3.0,210961.0,150000.0,1300380.0,88557.0,1,18.0," 237,843 ","109,500","1,905"
E09000013,hammersmith and fulham,2002-12-01,28012.0,6.9389303955450465,37855.0,10.0,171989.0,150000.0,1300380.0,77287.0,1,20.6," 178,334 ","139,500","1,715"
E09000014,haringey,2002-12-01,21972.0,6.561160980892313,23632.0,5.0,224474.0,150000.0,1300380.0,94321.0,1,22.65," 247,026 ","81,500","2,960"
E09000015,harrow,2002-12-01,23176.0,6.682711276837939,26303.0,12.0,212336.0,150000.0,1300380.0,80963.0,1,33.2," 237,234 ","82,000","5,046"
E09000016,havering,2002-12-01,16123.0,6.608761191106243,19520.0,5.0,225054.0,150000.0,1300380.0,94194.0,1,24.2," 241,560 ","90,500","11,446"
E09000017,hillingdon,2002-12-01,26159.0,6.810962476704851,30463.0,28.0,247063.0,150000.0,1300380.0,99328.0,1,34.1," 275,669 ","202,000","11,570"
E09000018,hounslow,2002-12-01,24399.0,6.7814416231383925,32582.0,20.0,216888.0,150000.0,1300380.0,86521.0,1,25.9," 253,036 ","150,000","5,659"
E09000019,islington,2002-12-01,33497.0,6.684107415711067,54080.0,6.0,180118.0,150000.0,1300380.0,84255.0,1,22.0," 200,758 ","205,500","1,486"
E09000020,kensington and chelsea,2002-12-01,26649.0,6.557441633438119,35481.0,9.0,163827.0,150000.0,1300380.0,83819.0,1,22.6," 154,609 ","141,000","1,238"
E09000021,kingston upon thames,2002-12-01,22575.0,6.738596848295242,29702.0,18.0,149642.0,150000.0,1300380.0,62621.0,1,34.4," 159,166 ","85,000","3,726"
E09000022,lambeth,2002-12-01,24952.0,6.978222180050611,31630.0,10.0,273041.0,150000.0,1300380.0,121455.0,1,21.6," 298,512 ","150,500","2,725"
E09000023,lewisham,2002-12-01,23254.0,6.795820707210032,25909.0,7.0,253662.0,150000.0,1300380.0,109435.0,1,15.2," 277,264 ","79,500","3,532"
E09000024,merton,2002-12-01,22429.0,6.915805091553246,27052.0,15.0,190561.0,150000.0,1300380.0,80602.0,1,28.45," 202,277 ","87,500","3,762"
E09000025,newham,2002-12-01,21420.0,6.538834923102453,24900.0,5.0,255282.0,150000.0,1300380.0,94609.0,1,12.4," 303,632 ","86,500","3,857"
E09000026,redbridge,2002-12-01,22133.0,6.8961193621172745,24512.0,13.0,244273.0,150000.0,1300380.0,94682.0,1,21.65," 277,852 ","84,000","5,644"
E09000027,richmond upon thames,2002-12-01,23311.0,6.520124904710118,30680.0,23.0,175441.0,150000.0,1300380.0,78676.0,1,35.421052631578945," 185,702 ","91,000","5,876"
E09000028,southwark,2002-12-01,28062.0,6.942001758370184,30906.0,4.0,256269.0,150000.0,1300380.0,107540.0,1,20.9," 284,351 ","246,000","2,991"
E09000029,sutton,2002-12-01,23311.0,6.665800630906281,25965.0,19.0,181265.0,150000.0,1300380.0,77734.0,1,32.95," 194,087 ","78,000","4,385"
E09000030,tower hamlets,2002-12-01,31168.0,6.7813470368928,49998.0,3.0,207031.0,150000.0,1300380.0,82185.0,1,17.15,,"237,000","2,158"
E09000031,waltham forest,2002-12-01,21799.0,6.762339965249772,23817.0,11.0,223776.0,150000.0,1300380.0,92409.0,1,24.5," 253,389 ","75,000","3,881"
E09000032,wandsworth,2002-12-01,23720.0,6.716058047697966,27665.0,10.0,274917.0,150000.0,1300380.0,121620.0,1,19.8," 302,305 ","129,500","3,522"
E09000033,westminster,2002-12-01,28879.0,6.825771183667784,43576.0,10.0,208100.0,150000.0,1300380.0,103124.0,1,17.7,,"659,000","2,203"
E09000001,city of london,2003-12-01,41795.0,6.813824321612932,64272.0,8.0,7115.0,150000.0,1300380.0,5126.0,1,23.75," 7,798 ","412,000",315
E09000002,barking and dagenham,2003-12-01,25358.0,6.595657362235149,27792.0,5.0,166210.0,150000.0,1300380.0,68837.0,1,18.7," 190,533 ","54,500","3,780"
E09000003,barnet,2003-12-01,23828.0,6.905514009270936,30518.0,16.0,321802.0,150000.0,1300380.0,131883.0,1,27.2," 355,461 ","145,000","8,675"
E09000004,bexley,2003-12-01,22247.0,6.521221268396099,24723.0,21.0,220016.0,150000.0,1300380.0,92223.0,1,41.5," 232,682 ","79,500","6,429"
E09000005,brent,2003-12-01,23018.0,6.891628606843678,29790.0,10.0,268323.0,150000.0,1300380.0,103846.0,1,25.35," 307,220 ","120,500","4,323"
E09000006,bromley,2003-12-01,19042.0,6.847488535979276,25474.0,20.0,297253.0,150000.0,1300380.0,129314.0,1,35.05," 312,248 ","125,500","15,013"
E09000007,camden,2003-12-01,30002.0,6.678759196172604,38106.0,19.0,204254.0,150000.0,1300380.0,94460.0,1,25.15," 210,941 ","320,000","2,179"
E09000008,croydon,2003-12-01,22838.0,6.91889507934441,26920.0,14.0,335919.0,150000.0,1300380.0,141819.0,1,27.8," 363,545 ","147,000","8,650"
E09000009,ealing,2003-12-01,24349.0,6.794772981558443,30117.0,15.0,308108.0,150000.0,1300380.0,120922.0,1,31.3," 337,910 ","144,000","5,554"
E09000010,enfield,2003-12-01,22463.0,6.952036075016784,25595.0,16.0,281835.0,150000.0,1300380.0,115274.0,1,27.65," 307,073 ","114,500","8,220"
E09000011,greenwich,2003-12-01,23600.0,6.604897027783967,26002.0,12.0,224303.0,150000.0,1300380.0,96746.0,1,26.75," 254,017 ","82,000","5,044"
E09000012,hackney,2003-12-01,25149.0,6.758726791123702,31035.0,6.0,212405.0,150000.0,1300380.0,90216.0,1,18.0," 237,843 ","109,500","1,905"
E09000013,hammersmith and fulham,2003-12-01,29831.0,6.7331113913438125,35226.0,16.0,171510.0,150000.0,1300380.0,77609.0,1,20.6," 178,334 ","139,500","1,715"
E09000014,haringey,2003-12-01,22422.0,6.59732648222063,24551.0,9.0,225027.0,150000.0,1300380.0,95142.0,1,22.65," 247,026 ","81,500","2,960"
E09000015,harrow,2003-12-01,22796.0,6.907501254490093,27980.0,16.0,213728.0,150000.0,1300380.0,81524.0,1,33.2," 237,234 ","82,000","5,046"
E09000016,havering,2003-12-01,18250.0,6.776180838137577,21167.0,8.0,225248.0,150000.0,1300380.0,94553.0,1,24.2," 241,560 ","90,500","11,446"
E09000017,hillingdon,2003-12-01,26774.0,6.506884117873358,30875.0,34.0,248054.0,150000.0,1300380.0,99766.0,1,34.1," 275,669 ","202,000","11,570"
E09000018,hounslow,2003-12-01,26019.0,6.874911830020262,33322.0,20.0,216498.0,150000.0,1300380.0,87433.0,1,25.9," 253,036 ","150,000","5,659"
E09000019,islington,2003-12-01,33579.0,6.576978553524915,49632.0,7.0,180899.0,150000.0,1300380.0,85984.0,1,22.0," 200,758 ","205,500","1,486"
E09000020,kensington and chelsea,2003-12-01,26213.0,6.663804187626385,35812.0,15.0,165268.0,150000.0,1300380.0,83965.0,1,22.6," 154,609 ","141,000","1,238"
E09000021,kingston upon thames,2003-12-01,23813.0,6.9618073907075395,32569.0,19.0,149683.0,150000.0,1300380.0,62868.0,1,34.4," 159,166 ","85,000","3,726"
E09000022,lambeth,2003-12-01,26034.0,6.815186394752126,32702.0,12.0,272195.0,150000.0,1300380.0,122013.0,1,21.6," 298,512 ","150,500","2,725"
E09000023,lewisham,2003-12-01,22069.0,6.946970820336167,25320.0,8.0,251936.0,150000.0,1300380.0,109746.0,1,15.2," 277,264 ","79,500","3,532"
E09000024,merton,2003-12-01,22959.0,6.798800231149152,30607.0,15.0,189298.0,150000.0,1300380.0,80475.0,1,28.45," 202,277 ","87,500","3,762"
E09000025,newham,2003-12-01,22792.0,6.6110950545715825,26461.0,2.0,256224.0,150000.0,1300380.0,95491.0,1,12.4," 303,632 ","86,500","3,857"
E09000026,redbridge,2003-12-01,23407.0,6.983965258751548,26086.0,9.0,247412.0,150000.0,1300380.0,95500.0,1,21.65," 277,852 ","84,000","5,644"
E09000027,richmond upon thames,2003-12-01,25549.0,6.914257325415637,29463.0,24.0,177182.0,150000.0,1300380.0,78957.0,1,35.421052631578945," 185,702 ","91,000","5,876"
E09000028,southwark,2003-12-01,29307.0,6.699861113096885,32241.0,7.0,255242.0,150000.0,1300380.0,108467.0,1,20.9," 284,351 ","246,000","2,991"
E09000029,sutton,2003-12-01,24455.0,6.6622019020517556,27147.0,25.0,181267.0,150000.0,1300380.0,77856.0,1,32.95," 194,087 ","78,000","4,385"
E09000030,tower hamlets,2003-12-01,34281.0,6.522923406688468,55530.0,5.0,208651.0,150000.0,1300380.0,83659.0,1,17.15,,"237,000","2,158"
E09000031,waltham forest,2003-12-01,22918.0,6.785141672176016,25374.0,12.0,224115.0,150000.0,1300380.0,92700.0,1,24.5," 253,389 ","75,000","3,881"
E09000032,wandsworth,2003-12-01,24299.0,6.67483968099363,29446.0,18.0,276828.0,150000.0,1300380.0,122821.0,1,19.8," 302,305 ","129,500","3,522"
E09000033,westminster,2003-12-01,29254.0,6.71087726925742,43694.0,11.0,211009.0,150000.0,1300380.0,104540.0,1,17.7,,"659,000","2,203"
E09000001,city of london,2004-12-01,43347.0,6.791810105674303,66628.0,14.0,7118.0,150000.0,1300380.0,5263.0,1,23.75," 7,798 ","412,000",315
E09000002,barking and dagenham,2004-12-01,26089.0,6.697766061299419,29088.0,14.0,165610.0,150000.0,1300380.0,68899.0,1,18.7," 190,533 ","54,500","3,780"
E09000003,barnet,2004-12-01,27977.79218303146,6.702683302494812,30795.0,20.0,323723.0,150000.0,1300380.0,132856.0,1,27.2," 355,461 ","145,000","8,675"
E09000004,bexley,2004-12-01,20946.0,6.935083338180746,24617.0,30.0,220917.0,150000.0,1300380.0,92950.0,1,41.5," 232,682 ","79,500","6,429"
E09000005,brent,2004-12-01,23323.0,6.586789374112615,25416.0,14.0,268335.0,150000.0,1300380.0,104454.0,1,25.35," 307,220 ","120,500","4,323"
E09000006,bromley,2004-12-01,21192.0,6.906846770475438,27617.0,23.0,297307.0,150000.0,1300380.0,129809.0,1,35.05," 312,248 ","125,500","15,013"
E09000007,camden,2004-12-01,30510.0,6.977591220782344,38595.0,25.0,207341.0,150000.0,1300380.0,94841.0,1,25.15," 210,941 ","320,000","2,179"
E09000008,croydon,2004-12-01,24371.0,6.848307192051131,28816.0,13.0,337134.0,150000.0,1300380.0,142177.0,1,27.8," 363,545 ","147,000","8,650"
E09000009,ealing,2004-12-01,26722.0,6.7619751797765035,31153.0,15.0,310073.0,150000.0,1300380.0,121428.0,1,31.3," 337,910 ","144,000","5,554"
E09000010,enfield,2004-12-01,27414.0,6.740141982466666,31068.0,24.0,282217.0,150000.0,1300380.0,116338.0,1,27.65," 307,073 ","114,500","8,220"
E09000011,greenwich,2004-12-01,25387.0,6.862211520669077,27369.0,19.0,227190.0,150000.0,1300380.0,98182.0,1,26.75," 254,017 ","82,000","5,044"
E09000012,hackney,2004-12-01,26687.0,6.641173199909006,31862.0,12.0,213581.0,150000.0,1300380.0,91588.0,1,18.0," 237,843 ","109,500","1,905"
E09000013,hammersmith and fulham,2004-12-01,29830.0,6.900622893303912,37273.0,20.0,172083.0,150000.0,1300380.0,78198.0,1,20.6," 178,334 ","139,500","1,715"
E09000014,haringey,2004-12-01,23481.0,6.589903132938052,26260.0,14.0,226472.0,150000.0,1300380.0,95714.0,1,22.65," 247,026 ","81,500","2,960"
E09000015,harrow,2004-12-01,24750.0,6.632861503266475,29745.0,19.0,216267.0,150000.0,1300380.0,82053.0,1,33.2," 237,234 ","82,000","5,046"
E09000016,havering,2004-12-01,18240.0,6.954359458003422,21505.0,16.0,225769.0,150000.0,1300380.0,95182.0,1,24.2," 241,560 ","90,500","11,446"
E09000017,hillingdon,2004-12-01,28003.0,6.847110585867843,31685.0,27.0,248691.0,150000.0,1300380.0,100306.0,1,34.1," 275,669 ","202,000","11,570"
E09000018,hounslow,2004-12-01,27457.0,6.991063261449561,34015.0,17.0,219440.0,150000.0,1300380.0,88608.0,1,25.9," 253,036 ","150,000","5,659"
E09000019,islington,2004-12-01,30410.0,6.8601388578773035,40812.0,11.0,180831.0,150000.0,1300380.0,87263.0,1,22.0," 200,758 ","205,500","1,486"
E09000020,kensington and chelsea,2004-12-01,26846.0,6.539577686506878,37784.0,18.0,165752.0,150000.0,1300380.0,84363.0,1,22.6," 154,609 ","141,000","1,238"
E09000021,kingston upon thames,2004-12-01,23708.0,6.912142791175122,30786.0,18.0,151055.0,150000.0,1300380.0,63405.0,1,34.4," 159,166 ","85,000","3,726"
E09000022,lambeth,2004-12-01,27186.0,6.551249359887114,37154.0,16.0,274262.0,150000.0,1300380.0,122819.0,1,21.6," 298,512 ","150,500","2,725"
E09000023,lewisham,2004-12-01,25238.0,6.919214727600727,26340.0,10.0,252455.0,150000.0,1300380.0,110808.0,1,15.2," 277,264 ","79,500","3,532"
E09000024,merton,2004-12-01,23208.0,6.539539182421488,30224.0,20.0,188908.0,150000.0,1300380.0,80333.0,1,28.45," 202,277 ","87,500","3,762"
E09000025,newham,2004-12-01,27977.79218303146,6.63887541280333,29224.0,6.0,254434.0,150000.0,1300380.0,96805.0,1,12.4," 303,632 ","86,500","3,857"
E09000026,redbridge,2004-12-01,27977.79218303146,6.71835525040133,27206.0,16.0,248774.0,150000.0,1300380.0,96196.0,1,21.65," 277,852 ","84,000","5,644"
E09000027,richmond upon thames,2004-12-01,26770.0,6.7126984243292975,30582.0,24.0,179312.0,150000.0,1300380.0,79248.0,1,35.421052631578945," 185,702 ","91,000","5,876"
E09000028,southwark,2004-12-01,29609.0,6.941112823888351,34875.0,11.0,257257.0,150000.0,1300380.0,110145.0,1,20.9," 284,351 ","246,000","2,991"
E09000029,sutton,2004-12-01,24514.0,6.707810548955378,27747.0,28.0,181094.0,150000.0,1300380.0,78054.0,1,32.95," 194,087 ","78,000","4,385"
E09000030,tower hamlets,2004-12-01,39128.0,6.8794477717007245,66095.0,7.0,211154.0,150000.0,1300380.0,85341.0,1,17.15,,"237,000","2,158"
E09000031,waltham forest,2004-12-01,23857.0,6.734868611121969,25435.0,18.0,225002.0,150000.0,1300380.0,92991.0,1,24.5," 253,389 ","75,000","3,881"
E09000032,wandsworth,2004-12-01,26137.0,6.898858238795857,30740.0,17.0,278615.0,150000.0,1300380.0,124138.0,1,19.8," 302,305 ","129,500","3,522"
E09000033,westminster,2004-12-01,31482.0,6.5933467263965575,46350.0,15.0,214557.0,150000.0,1300380.0,106760.0,1,17.7,,"659,000","2,203"
E09000001,city of london,2005-12-01,45000.0,6.745427823962168,74004.0,18.0,7131.0,150000.0,1300380.0,5374.0,1,23.75," 7,798 ","412,000",315
E09000002,barking and dagenham,2005-12-01,26680.0,6.600218380641729,28728.0,17.0,166275.0,150000.0,1300380.0,69261.0,1,18.7," 190,533 ","54,500","3,780"
E09000003,barnet,2005-12-01,27033.0,6.520238994651368,31652.0,27.0,327541.0,150000.0,1300380.0,133902.0,1,27.2," 355,461 ","145,000","8,675"
E09000004,bexley,2005-12-01,23936.0,6.903089572842838,28162.0,38.0,222391.0,150000.0,1300380.0,93220.0,1,41.5," 232,682 ","79,500","6,429"
E09000005,brent,2005-12-01,24209.0,6.8146490018750185,27371.0,20.0,270939.0,150000.0,1300380.0,105093.0,1,25.35," 307,220 ","120,500","4,323"
E09000006,bromley,2005-12-01,24241.0,6.581321390768111,29955.0,27.0,299421.0,150000.0,1300380.0,130640.0,1,35.05," 312,248 ","125,500","15,013"
E09000007,camden,2005-12-01,31358.0,6.506317856723882,39826.0,27.0,211088.0,150000.0,1300380.0,95563.0,1,25.15," 210,941 ","320,000","2,179"
E09000008,croydon,2005-12-01,24652.0,6.8107576681418,28101.0,16.0,339052.0,150000.0,1300380.0,142566.0,1,27.8," 363,545 ","147,000","8,650"
E09000009,ealing,2005-12-01,27235.0,6.8311717317142095,32106.0,19.0,312774.0,150000.0,1300380.0,121910.0,1,31.3," 337,910 ","144,000","5,554"
E09000010,enfield,2005-12-01,24594.0,6.60194735573823,27568.0,27.0,284779.0,150000.0,1300380.0,117056.0,1,27.65," 307,073 ","114,500","8,220"
E09000011,greenwich,2005-12-01,26330.0,6.6653913576596,29105.0,22.0,230494.0,150000.0,1300380.0,99807.0,1,26.75," 254,017 ","82,000","5,044"
E09000012,hackney,2005-12-01,28923.0,6.646737597708539,35597.0,16.0,216512.0,150000.0,1300380.0,92738.0,1,18.0," 237,843 ","109,500","1,905"
E09000013,hammersmith and fulham,2005-12-01,30787.0,6.965965010645374,42492.0,21.0,173292.0,150000.0,1300380.0,78666.0,1,20.6," 178,334 ","139,500","1,715"
E09000014,haringey,2005-12-01,24626.0,6.997914984177624,26991.0,19.0,229271.0,150000.0,1300380.0,97169.0,1,22.65," 247,026 ","81,500","2,960"
E09000015,harrow,2005-12-01,26162.0,6.512169826050698,30339.0,27.0,221109.0,150000.0,1300380.0,82704.0,1,33.2," 237,234 ","82,000","5,046"
E09000016,havering,2005-12-01,24296.0,6.98242492823577,27736.0,18.0,226990.0,150000.0,1300380.0,95727.0,1,24.2," 241,560 ","90,500","11,446"
E09000017,hillingdon,2005-12-01,29351.0,6.979376202876003,32725.0,28.0,251430.0,150000.0,1300380.0,100646.0,1,34.1," 275,669 ","202,000","11,570"
E09000018,hounslow,2005-12-01,29584.0,6.939613930679852,35410.0,19.0,223776.0,150000.0,1300380.0,89509.0,1,25.9," 253,036 ","150,000","5,659"
E09000019,islington,2005-12-01,30499.0,6.896474375977568,37231.0,18.0,183477.0,150000.0,1300380.0,87942.0,1,22.0," 200,758 ","205,500","1,486"
E09000020,kensington and chelsea,2005-12-01,26855.0,6.699920597510525,33106.0,20.0,168375.0,150000.0,1300380.0,84518.0,1,22.6," 154,609 ","141,000","1,238"
E09000021,kingston upon thames,2005-12-01,24937.0,6.99075323637076,32985.0,24.0,152489.0,150000.0,1300380.0,63918.0,1,34.4," 159,166 ","85,000","3,726"
E09000022,lambeth,2005-12-01,28347.0,6.7304018577626215,36464.0,22.0,277620.0,150000.0,1300380.0,123839.0,1,21.6," 298,512 ","150,500","2,725"
E09000023,lewisham,2005-12-01,28022.0,6.7246032823868065,30443.0,12.0,254930.0,150000.0,1300380.0,111594.0,1,15.2," 277,264 ","79,500","3,532"
E09000024,merton,2005-12-01,25991.0,6.840493041767546,30422.0,23.0,190583.0,150000.0,1300380.0,80271.0,1,28.45," 202,277 ","87,500","3,762"
E09000025,newham,2005-12-01,26331.0,6.79924128186611,28450.0,10.0,253798.0,150000.0,1300380.0,97378.0,1,12.4," 303,632 ","86,500","3,857"
E09000026,redbridge,2005-12-01,26462.0,6.955327183380885,30087.0,17.0,251560.0,150000.0,1300380.0,96903.0,1,21.65," 277,852 ","84,000","5,644"
E09000027,richmond upon thames,2005-12-01,26809.0,6.65026155391831,30298.0,29.0,181508.0,150000.0,1300380.0,79877.0,1,35.421052631578945," 185,702 ","91,000","5,876"
E09000028,southwark,2005-12-01,29534.0,6.943792351846376,36022.0,15.0,261811.0,150000.0,1300380.0,112162.0,1,20.9," 284,351 ","246,000","2,991"
E09000029,sutton,2005-12-01,25714.0,6.907197371200828,29187.0,29.0,182103.0,150000.0,1300380.0,78354.0,1,32.95," 194,087 ","78,000","4,385"
E09000030,tower hamlets,2005-12-01,39493.0,6.567968091625404,71063.0,9.0,213382.0,150000.0,1300380.0,88380.0,1,17.15,,"237,000","2,158"
E09000031,waltham forest,2005-12-01,21931.0,6.536237644470471,25800.0,22.0,226747.0,150000.0,1300380.0,93618.0,1,24.5," 253,389 ","75,000","3,881"
E09000032,wandsworth,2005-12-01,26549.0,6.758196274731371,31455.0,21.0,283229.0,150000.0,1300380.0,125880.0,1,19.8," 302,305 ","129,500","3,522"
E09000033,westminster,2005-12-01,32519.0,6.5297544480486875,50430.0,18.0,223132.0,150000.0,1300380.0,108200.0,1,17.7,,"659,000","2,203"
E09000001,city of london,2006-12-01,46292.0,6.780973877154613,85886.0,28.0,7254.0,150000.0,1300380.0,5374.0,1,23.75," 7,798 ","412,000",315
E09000002,barking and dagenham,2006-12-01,26549.0,6.985288828841043,28660.0,21.0,167157.0,150000.0,1300380.0,69529.0,1,18.7," 190,533 ","54,500","3,780"
E09000003,barnet,2006-12-01,26071.0,6.519190673185985,30923.0,29.0,330801.0,150000.0,1300380.0,134941.0,1,27.2," 355,461 ","145,000","8,675"
E09000004,bexley,2006-12-01,24719.0,6.84961077705689,28847.0,40.0,223280.0,150000.0,1300380.0,93433.0,1,41.5," 232,682 ","79,500","6,429"
E09000005,brent,2006-12-01,25279.0,6.764314792060727,29712.0,22.0,276504.0,150000.0,1300380.0,106768.0,1,25.35," 307,220 ","120,500","4,323"
E09000006,bromley,2006-12-01,25715.0,6.849555699813975,34474.205882352944,32.0,300963.0,150000.0,1300380.0,131387.0,1,35.05," 312,248 ","125,500","15,013"
E09000007,camden,2006-12-01,32418.0,6.55879189727523,40593.0,28.0,211032.0,150000.0,1300380.0,96351.0,1,25.15," 210,941 ","320,000","2,179"
E09000008,croydon,2006-12-01,26049.0,6.588647537091311,29842.0,20.0,340449.0,150000.0,1300380.0,142961.0,1,27.8," 363,545 ","147,000","8,650"
E09000009,ealing,2006-12-01,26354.0,6.634558085223834,32130.0,25.0,315329.0,150000.0,1300380.0,122744.0,1,31.3," 337,910 ","144,000","5,554"
E09000010,enfield,2006-12-01,25088.0,6.809527058081611,28912.0,30.0,287429.0,150000.0,1300380.0,117614.0,1,27.65," 307,073 ","114,500","8,220"
E09000011,greenwich,2006-12-01,27363.0,6.739791263738298,29714.0,24.0,233990.0,150000.0,1300380.0,101194.0,1,26.75," 254,017 ","82,000","5,044"
E09000012,hackney,2006-12-01,30105.0,6.761664905032815,34874.0,20.0,220193.0,150000.0,1300380.0,93941.0,1,18.0," 237,843 ","109,500","1,905"
E09000013,hammersmith and fulham,2006-12-01,30464.0,6.634727968248682,42838.0,24.0,174675.0,150000.0,1300380.0,79315.0,1,20.6," 178,334 ","139,500","1,715"
E09000014,haringey,2006-12-01,27020.0,6.553161001848932,29726.0,25.0,233174.0,150000.0,1300380.0,98339.0,1,22.65," 247,026 ","81,500","2,960"
E09000015,harrow,2006-12-01,25575.0,6.840113538091741,30342.0,28.0,223632.0,150000.0,1300380.0,83363.0,1,33.2," 237,234 ","82,000","5,046"
E09000016,havering,2006-12-01,26394.0,6.604851760823455,28459.0,20.0,228198.0,150000.0,1300380.0,96191.0,1,24.2," 241,560 ","90,500","11,446"
E09000017,hillingdon,2006-12-01,28771.0,6.953696345472431,32034.0,31.0,254387.0,150000.0,1300380.0,101241.0,1,34.1," 275,669 ","202,000","11,570"
E09000018,hounslow,2006-12-01,26853.0,6.973831723953766,34303.0,20.0,228126.0,150000.0,1300380.0,90367.0,1,25.9," 253,036 ","150,000","5,659"
E09000019,islington,2006-12-01,33995.0,6.5593531376679,50794.0,24.0,185283.0,150000.0,1300380.0,88820.0,1,22.0," 200,758 ","205,500","1,486"
E09000020,kensington and chelsea,2006-12-01,26619.0,6.67931149732624,33350.0,24.0,165245.0,150000.0,1300380.0,84596.0,1,22.6," 154,609 ","141,000","1,238"
E09000021,kingston upon thames,2006-12-01,25640.0,6.711669613703454,32566.0,24.0,153667.0,150000.0,1300380.0,64249.0,1,34.4," 159,166 ","85,000","3,726"
E09000022,lambeth,2006-12-01,29930.0,6.593385127287687,38233.0,23.0,280524.0,150000.0,1300380.0,125207.0,1,21.6," 298,512 ","150,500","2,725"
E09000023,lewisham,2006-12-01,27021.0,6.625030061929921,30142.0,16.0,257976.0,150000.0,1300380.0,112632.0,1,15.2," 277,264 ","79,500","3,532"
E09000024,merton,2006-12-01,24883.0,6.5143174398446995,29305.0,25.0,192520.0,150000.0,1300380.0,80541.0,1,28.45," 202,277 ","87,500","3,762"
E09000025,newham,2006-12-01,27162.0,6.891880125776669,30873.0,14.0,257994.0,150000.0,1300380.0,98274.0,1,12.4," 303,632 ","86,500","3,857"
E09000026,redbridge,2006-12-01,27940.0,6.675096343440542,31319.0,19.0,255590.0,150000.0,1300380.0,97665.0,1,21.65," 277,852 ","84,000","5,644"
E09000027,richmond upon thames,2006-12-01,28610.0,6.749384680613529,33258.0,32.0,182520.0,150000.0,1300380.0,80819.0,1,35.421052631578945," 185,702 ","91,000","5,876"
E09000028,southwark,2006-12-01,31575.0,6.639388802043498,39075.0,18.0,267553.0,150000.0,1300380.0,113731.0,1,20.9," 284,351 ","246,000","2,991"
E09000029,sutton,2006-12-01,25102.0,6.986840112961667,28965.0,30.0,182882.0,150000.0,1300380.0,78498.0,1,32.95," 194,087 ","78,000","4,385"
E09000030,tower hamlets,2006-12-01,38975.0,6.781985643808333,62719.0,12.0,218400.0,150000.0,1300380.0,91356.0,1,17.15,,"237,000","2,158"
E09000031,waltham forest,2006-12-01,23074.0,6.958339241522748,27449.0,28.0,230731.0,150000.0,1300380.0,94381.0,1,24.5," 253,389 ","75,000","3,881"
E09000032,wandsworth,2006-12-01,27405.0,6.585055227905246,32887.0,23.0,287538.0,150000.0,1300380.0,127243.0,1,19.8," 302,305 ","129,500","3,522"
E09000033,westminster,2006-12-01,33474.0,6.761838130166486,53229.0,20.0,222829.0,150000.0,1300380.0,110181.0,1,17.7,,"659,000","2,203"
E09000001,city of london,2007-12-01,49955.0,6.79281246284045,86778.0,33.0,7607.0,150000.0,1300380.0,5375.0,1,23.75," 7,798 ","412,000",315
E09000002,barking and dagenham,2007-12-01,30200.0,6.927102886904072,31994.0,20.0,169031.0,150000.0,1300380.0,69835.0,1,18.7," 190,533 ","54,500","3,780"
E09000003,barnet,2007-12-01,27436.0,6.7332560106550945,33007.0,31.0,334837.0,150000.0,1300380.0,135429.0,1,27.2," 355,461 ","145,000","8,675"
E09000004,bexley,2007-12-01,26457.0,6.928084561507121,30375.0,42.0,224625.0,150000.0,1300380.0,93746.0,1,41.5," 232,682 ","79,500","6,429"
E09000005,brent,2007-12-01,25763.0,6.814604821465823,28503.0,21.0,283273.0,150000.0,1300380.0,107970.0,1,25.35," 307,220 ","120,500","4,323"
E09000006,bromley,2007-12-01,25666.0,6.510175281164143,35021.0,34.0,302625.0,150000.0,1300380.0,132339.0,1,35.05," 312,248 ","125,500","15,013"
E09000007,camden,2007-12-01,33059.0,6.676382660040067,40595.0,27.0,211520.0,150000.0,1300380.0,96998.0,1,25.15," 210,941 ","320,000","2,179"
E09000008,croydon,2007-12-01,25965.0,6.861411457700719,29341.0,23.0,344029.0,150000.0,1300380.0,143714.0,1,27.8," 363,545 ","147,000","8,650"
E09000009,ealing,2007-12-01,27490.0,6.721615367548312,34374.0,29.0,318671.0,150000.0,1300380.0,124111.0,1,31.3," 337,910 ","144,000","5,554"
E09000010,enfield,2007-12-01,26325.0,6.793892497845845,28949.0,28.0,291534.0,150000.0,1300380.0,118667.0,1,27.65," 307,073 ","114,500","8,220"
E09000011,greenwich,2007-12-01,29319.0,6.764844465473551,32003.0,31.0,236535.0,150000.0,1300380.0,101931.0,1,26.75," 254,017 ","82,000","5,044"
E09000012,hackney,2007-12-01,28996.0,6.889481582374453,35390.0,22.0,224480.0,150000.0,1300380.0,95391.0,1,18.0," 237,843 ","109,500","1,905"
E09000013,hammersmith and fulham,2007-12-01,33535.0,6.901188633323822,46996.0,27.0,176472.0,150000.0,1300380.0,79969.0,1,20.6," 178,334 ","139,500","1,715"
E09000014,haringey,2007-12-01,26281.0,6.884051273760929,29032.0,26.0,236793.0,150000.0,1300380.0,99827.0,1,22.65," 247,026 ","81,500","2,960"
E09000015,harrow,2007-12-01,26107.0,6.557457326270743,31063.0,40.0,226355.0,150000.0,1300380.0,84072.0,1,33.2," 237,234 ","82,000","5,046"
E09000016,havering,2007-12-01,26079.0,6.53946938258735,29418.0,24.0,229789.0,150000.0,1300380.0,97132.0,1,24.2," 241,560 ","90,500","11,446"
E09000017,hillingdon,2007-12-01,30290.0,6.563643544949706,33992.0,34.0,256981.0,150000.0,1300380.0,101525.0,1,34.1," 275,669 ","202,000","11,570"
E09000018,hounslow,2007-12-01,27547.0,6.63408720770366,34303.0,22.0,233454.0,150000.0,1300380.0,92108.0,1,25.9," 253,036 ","150,000","5,659"
E09000019,islington,2007-12-01,34779.0,6.664418612963786,53641.0,26.0,188636.0,150000.0,1300380.0,90650.0,1,22.0," 200,758 ","205,500","1,486"
E09000020,kensington and chelsea,2007-12-01,28355.0,6.844493808728988,33248.0,28.0,162883.0,150000.0,1300380.0,84630.0,1,22.6," 154,609 ","141,000","1,238"
E09000021,kingston upon thames,2007-12-01,27274.0,6.601872166861832,33513.0,26.0,154485.0,150000.0,1300380.0,64547.0,1,34.4," 159,166 ","85,000","3,726"
E09000022,lambeth,2007-12-01,30633.0,6.508921653729756,41050.0,25.0,284964.0,150000.0,1300380.0,126555.0,1,21.6," 298,512 ","150,500","2,725"
E09000023,lewisham,2007-12-01,27673.0,6.532065015037119,29832.0,22.0,261188.0,150000.0,1300380.0,113286.0,1,15.2," 277,264 ","79,500","3,532"
E09000024,merton,2007-12-01,26346.0,6.751322326881324,30731.0,27.0,194260.0,150000.0,1300380.0,80534.0,1,28.45," 202,277 ","87,500","3,762"
E09000025,newham,2007-12-01,27434.0,6.7936190039278355,32363.0,14.0,266285.0,150000.0,1300380.0,98994.0,1,12.4," 303,632 ","86,500","3,857"
E09000026,redbridge,2007-12-01,29429.0,6.922528878041077,33111.0,22.0,259965.0,150000.0,1300380.0,98687.0,1,21.65," 277,852 ","84,000","5,644"
E09000027,richmond upon thames,2007-12-01,30881.0,6.64790077007727,37366.0,36.0,182421.0,150000.0,1300380.0,81105.0,1,35.421052631578945," 185,702 ","91,000","5,876"
E09000028,southwark,2007-12-01,32000.0,6.585986515466869,39710.0,20.0,272626.0,150000.0,1300380.0,116042.0,1,20.9," 284,351 ","246,000","2,991"
E09000029,sutton,2007-12-01,25182.0,6.7855179898257,28531.0,32.0,184174.0,150000.0,1300380.0,78633.0,1,32.95," 194,087 ","78,000","4,385"
E09000030,tower hamlets,2007-12-01,41117.0,6.989494913580127,72749.0,13.0,225251.0,150000.0,1300380.0,94373.0,1,17.15,,"237,000","2,158"
E09000031,waltham forest,2007-12-01,25034.0,6.759853225353904,27129.0,30.0,235665.0,150000.0,1300380.0,95303.0,1,24.5," 253,389 ","75,000","3,881"
E09000032,wandsworth,2007-12-01,30513.0,6.690006880275129,38209.0,25.0,291440.0,150000.0,1300380.0,128946.0,1,19.8," 302,305 ","129,500","3,522"
E09000033,westminster,2007-12-01,35315.0,6.861352518941262,52597.0,23.0,220619.0,150000.0,1300380.0,111743.0,1,17.7,,"659,000","2,203"
E09000001,city of london,2008-12-01,50503.0,6.817734080723014,82973.0,34.0,7429.0,150000.0,1300380.0,5421.0,1,23.75," 7,798 ","412,000",315
E09000002,barking and dagenham,2008-12-01,29396.0,6.602438243132383,31795.0,25.0,172452.0,150000.0,1300380.0,70551.0,1,18.7," 190,533 ","54,500","3,780"
E09000003,barnet,2008-12-01,27978.0,6.794486049379663,34468.0,31.0,339212.0,150000.0,1300380.0,136680.0,1,27.2," 355,461 ","145,000","8,675"
E09000004,bexley,2008-12-01,28326.0,6.77236621066114,31305.0,51.0,226652.0,150000.0,1300380.0,94078.0,1,41.5," 232,682 ","79,500","6,429"
E09000005,brent,2008-12-01,27326.0,6.568013094762265,29631.0,28.0,290901.0,150000.0,1300380.0,109037.0,1,25.35," 307,220 ","120,500","4,323"
E09000006,bromley,2008-12-01,27236.0,6.889704509692162,33378.0,36.0,304968.0,150000.0,1300380.0,133112.0,1,35.05," 312,248 ","125,500","15,013"
E09000007,camden,2008-12-01,35314.0,6.854523676948202,42816.0,28.0,210273.0,150000.0,1300380.0,97517.0,1,25.15," 210,941 ","320,000","2,179"
E09000008,croydon,2008-12-01,27482.0,6.507093475090024,31842.0,28.0,349308.0,150000.0,1300380.0,144896.0,1,27.8," 363,545 ","147,000","8,650"
E09000009,ealing,2008-12-01,29439.0,6.808637767917515,35772.0,35.0,324022.0,150000.0,1300380.0,125531.0,1,31.3," 337,910 ","144,000","5,554"
E09000010,enfield,2008-12-01,25550.0,6.527738298254552,28930.0,27.0,297443.0,150000.0,1300380.0,119946.0,1,27.65," 307,073 ","114,500","8,220"
E09000011,greenwich,2008-12-01,30766.0,6.560608216405951,33637.0,42.0,239748.0,150000.0,1300380.0,102257.0,1,26.75," 254,017 ","82,000","5,044"
E09000012,hackney,2008-12-01,31589.0,6.5796240367606,39016.0,23.0,231041.0,150000.0,1300380.0,97302.0,1,18.0," 237,843 ","109,500","1,905"
E09000013,hammersmith and fulham,2008-12-01,27977.79218303146,6.71795508455108,46620.0,28.0,177088.0,150000.0,1300380.0,80510.0,1,20.6," 178,334 ","139,500","1,715"
E09000014,haringey,2008-12-01,29859.0,6.792815712357896,31703.0,22.0,244459.0,150000.0,1300380.0,100960.0,1,22.65," 247,026 ","81,500","2,960"
E09000015,harrow,2008-12-01,27627.0,6.746652125957521,31746.0,43.0,229567.0,150000.0,1300380.0,84535.0,1,33.2," 237,234 ","82,000","5,046"
E09000016,havering,2008-12-01,28800.0,6.5079758157578755,32386.0,27.0,231793.0,150000.0,1300380.0,97551.0,1,24.2," 241,560 ","90,500","11,446"
E09000017,hillingdon,2008-12-01,31291.0,6.805443996291511,37349.0,35.0,261051.0,150000.0,1300380.0,102020.0,1,34.1," 275,669 ","202,000","11,570"
E09000018,hounslow,2008-12-01,29475.0,6.6717694085436685,39109.0,24.0,237907.0,150000.0,1300380.0,94100.0,1,25.9," 253,036 ","150,000","5,659"
E09000019,islington,2008-12-01,36357.0,6.693044833218653,58261.0,28.0,192089.0,150000.0,1300380.0,92378.0,1,22.0," 200,758 ","205,500","1,486"
E09000020,kensington and chelsea,2008-12-01,30217.0,6.827723613772366,37538.0,30.0,162579.0,150000.0,1300380.0,84577.0,1,22.6," 154,609 ","141,000","1,238"
E09000021,kingston upon thames,2008-12-01,26583.0,6.585495694464864,33180.0,35.0,156027.0,150000.0,1300380.0,64812.0,1,34.4," 159,166 ","85,000","3,726"
E09000022,lambeth,2008-12-01,30566.0,6.738274513004522,41396.0,26.0,289126.0,150000.0,1300380.0,127978.0,1,21.6," 298,512 ","150,500","2,725"
E09000023,lewisham,2008-12-01,29403.0,6.8135628299323345,31399.0,21.0,266508.0,150000.0,1300380.0,114370.0,1,15.2," 277,264 ","79,500","3,532"
E09000024,merton,2008-12-01,28363.0,6.76909846403684,31929.0,30.0,195859.0,150000.0,1300380.0,80683.0,1,28.45," 202,277 ","87,500","3,762"
E09000025,newham,2008-12-01,29467.0,6.947017453254052,34686.0,15.0,276478.0,150000.0,1300380.0,99915.0,1,12.4," 303,632 ","86,500","3,857"
E09000026,redbridge,2008-12-01,29283.0,6.944265675297151,32261.0,26.0,265452.0,150000.0,1300380.0,99313.0,1,21.65," 277,852 ","84,000","5,644"
E09000027,richmond upon thames,2008-12-01,32437.0,6.530078279670363,37760.0,42.0,182927.0,150000.0,1300380.0,81458.0,1,35.421052631578945," 185,702 ","91,000","5,876"
E09000028,southwark,2008-12-01,31227.0,6.734273926060846,40353.0,21.0,276973.0,150000.0,1300380.0,118189.0,1,20.9," 284,351 ","246,000","2,991"
E09000029,sutton,2008-12-01,26082.0,6.669287923596751,29869.0,32.0,185860.0,150000.0,1300380.0,79116.0,1,32.95," 194,087 ","78,000","4,385"
E09000030,tower hamlets,2008-12-01,41880.0,6.9869835410696,70217.0,19.0,231893.0,150000.0,1300380.0,97010.0,1,17.15,,"237,000","2,158"
E09000031,waltham forest,2008-12-01,26609.0,6.8844726924732225,28814.0,28.0,242098.0,150000.0,1300380.0,96281.0,1,24.5," 253,389 ","75,000","3,881"
E09000032,wandsworth,2008-12-01,30808.0,6.897407890174106,40916.0,27.0,294305.0,150000.0,1300380.0,130226.0,1,19.8," 302,305 ","129,500","3,522"
E09000033,westminster,2008-12-01,36048.0,6.913459147597764,59836.0,23.0,218673.0,150000.0,1300380.0,113413.0,1,17.7,,"659,000","2,203"
E09000001,city of london,2009-12-01,52092.0,6.598687527799044,80769.0,35.0,7472.0,150000.0,1300380.0,5467.0,1,23.75," 7,798 ","412,000",315
E09000002,barking and dagenham,2009-12-01,30973.0,6.643939351745564,33126.0,33.0,177580.0,150000.0,1300380.0,70839.0,1,18.7," 190,533 ","54,500","3,780"
E09000003,barnet,2009-12-01,30496.0,6.511078960619539,35013.0,33.0,345829.0,150000.0,1300380.0,137769.0,1,27.2," 355,461 ","145,000","8,675"
E09000004,bexley,2009-12-01,28222.0,6.9664762129093765,31988.0,51.0,228146.0,150000.0,1300380.0,94371.0,1,41.5," 232,682 ","79,500","6,429"
E09000005,brent,2009-12-01,27503.0,6.700180953592062,31033.0,29.0,298118.0,150000.0,1300380.0,110244.0,1,25.35," 307,220 ","120,500","4,323"
E09000006,bromley,2009-12-01,26951.0,6.556814083955006,33329.0,40.0,306924.0,150000.0,1300380.0,133673.0,1,35.05," 312,248 ","125,500","15,013"
E09000007,camden,2009-12-01,36375.0,6.845962698618502,45633.0,30.0,212924.0,150000.0,1300380.0,98557.0,1,25.15," 210,941 ","320,000","2,179"
E09000008,croydon,2009-12-01,28225.0,6.569190562043294,33826.0,32.0,352763.0,150000.0,1300380.0,146152.0,1,27.8," 363,545 ","147,000","8,650"
E09000009,ealing,2009-12-01,28234.0,6.551728448430857,34873.0,38.0,329966.0,150000.0,1300380.0,126381.0,1,31.3," 337,910 ","144,000","5,554"
E09000010,enfield,2009-12-01,27828.0,6.994707810024561,31584.0,31.0,301971.0,150000.0,1300380.0,120623.0,1,27.65," 307,073 ","114,500","8,220"
E09000011,greenwich,2009-12-01,29871.0,6.978822463291652,33344.0,35.0,243672.0,150000.0,1300380.0,102560.0,1,26.75," 254,017 ","82,000","5,044"
E09000012,hackney,2009-12-01,33107.0,6.786490385945747,46556.0,24.0,236622.0,150000.0,1300380.0,99689.0,1,18.0," 237,843 ","109,500","1,905"
E09000013,hammersmith and fulham,2009-12-01,36525.0,6.796604276418521,45516.0,27.0,180116.0,150000.0,1300380.0,80994.0,1,20.6," 178,334 ","139,500","1,715"
E09000014,haringey,2009-12-01,28515.0,6.732952470128033,30817.0,25.0,249805.0,150000.0,1300380.0,102294.0,1,22.65," 247,026 ","81,500","2,960"
E09000015,harrow,2009-12-01,27532.0,6.69748201660414,31352.0,46.0,233495.0,150000.0,1300380.0,85395.0,1,33.2," 237,234 ","82,000","5,046"
E09000016,havering,2009-12-01,28317.0,6.853180381209138,30993.0,34.0,234127.0,150000.0,1300380.0,98289.0,1,24.2," 241,560 ","90,500","11,446"
E09000017,hillingdon,2009-12-01,31584.0,6.846222826298162,37424.0,41.0,265665.0,150000.0,1300380.0,102901.0,1,34.1," 275,669 ","202,000","11,570"
E09000018,hounslow,2009-12-01,31672.0,6.742253542315253,42241.0,33.0,243366.0,150000.0,1300380.0,94969.0,1,25.9," 253,036 ","150,000","5,659"
E09000019,islington,2009-12-01,36981.0,6.9515236791768595,55027.0,29.0,196704.0,150000.0,1300380.0,94707.0,1,22.0," 200,758 ","205,500","1,486"
E09000020,kensington and chelsea,2009-12-01,29901.0,6.532571160094725,36101.0,31.0,161893.0,150000.0,1300380.0,84553.0,1,22.6," 154,609 ","141,000","1,238"
E09000021,kingston upon thames,2009-12-01,27497.0,6.829710817058637,33834.0,46.0,157307.0,150000.0,1300380.0,64972.0,1,34.4," 159,166 ","85,000","3,726"
E09000022,lambeth,2009-12-01,33415.0,6.83735407745613,44262.0,27.0,294050.0,150000.0,1300380.0,129289.0,1,21.6," 298,512 ","150,500","2,725"
E09000023,lewisham,2009-12-01,30891.0,6.780076254829387,32708.0,17.0,270418.0,150000.0,1300380.0,115576.0,1,15.2," 277,264 ","79,500","3,532"
E09000024,merton,2009-12-01,27662.0,6.637778690847403,30330.0,34.0,198136.0,150000.0,1300380.0,81050.0,1,28.45," 202,277 ","87,500","3,762"
E09000025,newham,2009-12-01,31028.0,6.562433925915383,34487.0,19.0,286447.0,150000.0,1300380.0,100984.0,1,12.4," 303,632 ","86,500","3,857"
E09000026,redbridge,2009-12-01,31235.0,6.725015917905323,32648.0,32.0,270435.0,150000.0,1300380.0,99938.0,1,21.65," 277,852 ","84,000","5,644"
E09000027,richmond upon thames,2009-12-01,31733.0,6.928711944650356,40992.0,43.0,184394.0,150000.0,1300380.0,81853.0,1,35.421052631578945," 185,702 ","91,000","5,876"
E09000028,southwark,2009-12-01,34265.0,6.795426013935206,41548.0,22.0,281120.0,150000.0,1300380.0,119657.0,1,20.9," 284,351 ","246,000","2,991"
E09000029,sutton,2009-12-01,26111.0,6.815066981988024,29775.0,38.0,188167.0,150000.0,1300380.0,79444.0,1,32.95," 194,087 ","78,000","4,385"
E09000030,tower hamlets,2009-12-01,43987.0,6.868421935130831,62526.0,26.0,240495.0,150000.0,1300380.0,100471.0,1,17.15,,"237,000","2,158"
E09000031,waltham forest,2009-12-01,27651.0,6.685620493021112,29524.0,28.0,248140.0,150000.0,1300380.0,97247.0,1,24.5," 253,389 ","75,000","3,881"
E09000032,wandsworth,2009-12-01,32373.0,6.514486568398885,41202.0,25.0,299347.0,150000.0,1300380.0,132060.0,1,19.8," 302,305 ","129,500","3,522"
E09000033,westminster,2009-12-01,36765.0,6.832064569550695,55752.0,24.0,216980.0,150000.0,1300380.0,115047.0,1,17.7,,"659,000","2,203"
E09000001,city of london,2010-12-01,52271.0,6.685043624020972,81938.0,39.0,7338.0,150000.0,1300380.0,5459.0,1,23.75," 7,798 ","412,000",315
E09000002,barking and dagenham,2010-12-01,28527.0,6.844889469190727,32996.0,28.0,182838.0,150000.0,1300380.0,70946.0,1,18.7," 190,533 ","54,500","3,780"
E09000003,barnet,2010-12-01,30000.0,6.756404804927984,34077.0,33.0,351438.0,150000.0,1300380.0,138616.0,1,27.2," 355,461 ","145,000","8,675"
E09000004,bexley,2010-12-01,27738.0,6.974486047149619,30821.0,51.0,230711.0,150000.0,1300380.0,94798.0,1,41.5," 232,682 ","79,500","6,429"
E09000005,brent,2010-12-01,25997.0,6.926158656525463,29353.0,33.0,304785.0,150000.0,1300380.0,111414.0,1,25.35," 307,220 ","120,500","4,323"
E09000006,bromley,2010-12-01,27712.0,6.797189588167271,32841.0,44.0,308560.0,150000.0,1300380.0,134298.0,1,35.05," 312,248 ","125,500","15,013"
E09000007,camden,2010-12-01,36527.0,6.947330645277799,45461.0,32.0,214725.0,150000.0,1300380.0,99139.0,1,25.15," 210,941 ","320,000","2,179"
E09000008,croydon,2010-12-01,28586.0,6.5116750368424725,33117.0,34.0,357951.0,150000.0,1300380.0,147249.0,1,27.8," 363,545 ","147,000","8,650"
E09000009,ealing,2010-12-01,28732.0,6.828527687776989,33845.0,40.0,334073.0,150000.0,1300380.0,126901.0,1,31.3," 337,910 ","144,000","5,554"
E09000010,enfield,2010-12-01,26967.0,6.550174885977505,32009.0,32.0,307648.0,150000.0,1300380.0,121243.0,1,27.65," 307,073 ","114,500","8,220"
E09000011,greenwich,2010-12-01,31821.0,6.984191443879589,34526.0,37.0,249171.0,150000.0,1300380.0,102651.0,1,26.75," 254,017 ","82,000","5,044"
E09000012,hackney,2010-12-01,35149.0,6.96385609397531,44663.0,25.0,241739.0,150000.0,1300380.0,101657.0,1,18.0," 237,843 ","109,500","1,905"
E09000013,hammersmith and fulham,2010-12-01,35033.0,6.8589723825066855,42271.0,28.0,180842.0,150000.0,1300380.0,81902.0,1,20.6," 178,334 ","139,500","1,715"
E09000014,haringey,2010-12-01,29597.0,6.631638525508989,32517.0,28.0,252742.0,150000.0,1300380.0,103430.0,1,22.65," 247,026 ","81,500","2,960"
E09000015,harrow,2010-12-01,27921.0,6.824800401300145,32746.0,50.0,237451.0,150000.0,1300380.0,85994.0,1,33.2," 237,234 ","82,000","5,046"
E09000016,havering,2010-12-01,28235.0,6.664876749683454,32068.0,31.0,236234.0,150000.0,1300380.0,98805.0,1,24.2," 241,560 ","90,500","11,446"
E09000017,hillingdon,2010-12-01,31586.0,6.860573762871046,38406.0,43.0,269465.0,150000.0,1300380.0,103508.0,1,34.1," 275,669 ","202,000","11,570"
E09000018,hounslow,2010-12-01,31307.0,6.896327501689763,41634.0,35.0,249236.0,150000.0,1300380.0,95893.0,1,25.9," 253,036 ","150,000","5,659"
E09000019,islington,2010-12-01,34551.0,6.692508300265702,49859.0,30.0,200129.0,150000.0,1300380.0,96301.0,1,22.0," 200,758 ","205,500","1,486"
E09000020,kensington and chelsea,2010-12-01,30196.0,6.641324755016154,36450.0,32.0,160463.0,150000.0,1300380.0,84756.0,1,22.6," 154,609 ","141,000","1,238"
E09000021,kingston upon thames,2010-12-01,28240.0,6.9244768374008405,33688.0,47.0,158648.0,150000.0,1300380.0,65086.0,1,34.4," 159,166 ","85,000","3,726"
E09000022,lambeth,2010-12-01,33821.0,6.574725306733174,43030.0,28.0,297650.0,150000.0,1300380.0,130655.0,1,21.6," 298,512 ","150,500","2,725"
E09000023,lewisham,2010-12-01,30806.0,6.525734423657861,32007.0,18.0,272525.0,150000.0,1300380.0,116640.0,1,15.2," 277,264 ","79,500","3,532"
E09000024,merton,2010-12-01,27441.0,6.705956442402918,31666.0,36.0,199136.0,150000.0,1300380.0,80971.0,1,28.45," 202,277 ","87,500","3,762"
E09000025,newham,2010-12-01,32578.0,6.786503280313996,39102.0,15.0,299171.0,150000.0,1300380.0,102444.0,1,12.4," 303,632 ","86,500","3,857"
E09000026,redbridge,2010-12-01,30086.0,6.656054070386548,32421.0,28.0,275088.0,150000.0,1300380.0,100889.0,1,21.65," 277,852 ","84,000","5,644"
E09000027,richmond upon thames,2010-12-01,32249.0,6.523336970562426,39837.0,43.0,186304.0,150000.0,1300380.0,82116.0,1,35.421052631578945," 185,702 ","91,000","5,876"
E09000028,southwark,2010-12-01,35050.0,6.932717838819604,41481.0,25.0,283777.0,150000.0,1300380.0,121412.0,1,20.9," 284,351 ","246,000","2,991"
E09000029,sutton,2010-12-01,26288.0,6.8160379036349195,30375.0,38.0,189321.0,150000.0,1300380.0,79508.0,1,32.95," 194,087 ","78,000","4,385"
E09000030,tower hamlets,2010-12-01,44443.0,6.742954021420564,69029.0,25.0,248520.0,150000.0,1300380.0,103509.0,1,17.15,,"237,000","2,158"
E09000031,waltham forest,2010-12-01,27755.0,6.8095398196506975,30773.0,27.0,254009.0,150000.0,1300380.0,97624.0,1,24.5," 253,389 ","75,000","3,881"
E09000032,wandsworth,2010-12-01,31818.0,6.787885411176084,39318.0,27.0,302620.0,150000.0,1300380.0,133885.0,1,19.8," 302,305 ","129,500","3,522"
E09000033,westminster,2010-12-01,37836.0,6.779621154367303,56080.0,25.0,217187.0,150000.0,1300380.0,116644.0,1,17.7,,"659,000","2,203"
E09000001,city of london,2011-12-01,54381.0,6.812636211513137,90842.0,37.0,7412.0,150000.0,1300380.0,5513.0,1,23.75," 7,798 ","412,000",315
E09000002,barking and dagenham,2011-12-01,28201.0,7.05,33568.0,30.0,187029.0,150000.0,1300380.0,71079.0,1,18.7," 190,533 ","54,500","3,780"
E09000003,barnet,2011-12-01,30237.0,7.43,33062.0,34.0,357538.0,150000.0,1300380.0,139346.0,1,27.2," 355,461 ","145,000","8,675"
E09000004,bexley,2011-12-01,28638.0,7.42,31812.0,54.0,232774.0,150000.0,1300380.0,95037.0,1,41.5," 232,682 ","79,500","6,429"
E09000005,brent,2011-12-01,26772.0,7.11,29609.0,37.0,312245.0,150000.0,1300380.0,112083.0,1,25.35," 307,220 ","120,500","4,323"
E09000006,bromley,2011-12-01,28163.0,7.5,32863.0,50.0,310554.0,150000.0,1300380.0,135036.0,1,35.05," 312,248 ","125,500","15,013"
E09000007,camden,2011-12-01,35967.0,7.25,45588.0,33.0,220087.0,150000.0,1300380.0,99828.0,1,25.15," 210,941 ","320,000","2,179"
E09000008,croydon,2011-12-01,28979.0,7.04,33050.0,38.0,364815.0,150000.0,1300380.0,148099.0,1,27.8," 363,545 ","147,000","8,650"
E09000009,ealing,2011-12-01,28646.0,7.22,34725.0,41.0,339314.0,150000.0,1300380.0,127187.0,1,31.3," 337,910 ","144,000","5,554"
E09000010,enfield,2011-12-01,26412.0,7.23,31797.0,35.0,313935.0,150000.0,1300380.0,122042.0,1,27.65," 307,073 ","114,500","8,220"
E09000011,greenwich,2011-12-01,29932.0,7.18,32581.0,39.0,255483.0,150000.0,1300380.0,103186.0,1,26.75," 254,017 ","82,000","5,044"
E09000012,hackney,2011-12-01,33512.0,7.0,42089.0,24.0,247182.0,150000.0,1300380.0,102408.0,1,18.0," 237,843 ","109,500","1,905"
E09000013,hammersmith and fulham,2011-12-01,36143.0,7.38,42531.0,30.0,182445.0,150000.0,1300380.0,82390.0,1,20.6," 178,334 ","139,500","1,715"
E09000014,haringey,2011-12-01,28032.0,7.11,30446.0,26.0,255540.0,150000.0,1300380.0,104173.0,1,22.65," 247,026 ","81,500","2,960"
E09000015,harrow,2011-12-01,27540.0,7.31,32342.0,48.0,240499.0,150000.0,1300380.0,86524.0,1,33.2," 237,234 ","82,000","5,046"
E09000016,havering,2011-12-01,28415.0,7.35,31947.0,36.0,237927.0,150000.0,1300380.0,99184.0,1,24.2," 241,560 ","90,500","11,446"
E09000017,hillingdon,2011-12-01,33589.0,7.4,39436.0,43.0,275499.0,150000.0,1300380.0,103907.0,1,34.1," 275,669 ","202,000","11,570"
E09000018,hounslow,2011-12-01,32759.0,7.26,41142.0,35.0,254927.0,150000.0,1300380.0,96892.0,1,25.9," 253,036 ","150,000","5,659"
E09000019,islington,2011-12-01,35996.0,7.09,60068.0,32.0,206285.0,150000.0,1300380.0,96872.0,1,22.0," 200,758 ","205,500","1,486"
E09000020,kensington and chelsea,2011-12-01,31491.0,7.57,38220.0,34.0,158251.0,150000.0,1300380.0,84798.0,1,22.6," 154,609 ","141,000","1,238"
E09000021,kingston upon thames,2011-12-01,28997.0,7.33,34459.0,47.0,160436.0,150000.0,1300380.0,65198.0,1,34.4," 159,166 ","85,000","3,726"
E09000022,lambeth,2011-12-01,34836.0,7.13,43657.0,28.0,304481.0,150000.0,1300380.0,132213.0,1,21.6," 298,512 ","150,500","2,725"
E09000023,lewisham,2011-12-01,29567.0,7.05,30506.0,17.0,276938.0,150000.0,1300380.0,117651.0,1,15.2," 277,264 ","79,500","3,532"
E09000024,merton,2011-12-01,28066.0,7.14,32415.0,37.0,200543.0,150000.0,1300380.0,80919.0,1,28.45," 202,277 ","87,500","3,762"
E09000025,newham,2011-12-01,29998.0,7.12,36870.0,23.0,310460.0,150000.0,1300380.0,103212.0,1,12.4," 303,632 ","86,500","3,857"
E09000026,redbridge,2011-12-01,29829.0,7.33,31948.0,33.0,281395.0,150000.0,1300380.0,101348.0,1,21.65," 277,852 ","84,000","5,644"
E09000027,richmond upon thames,2011-12-01,32197.0,7.52,37122.0,45.0,187527.0,150000.0,1300380.0,82482.0,1,35.421052631578945," 185,702 ","91,000","5,876"
E09000028,southwark,2011-12-01,36124.0,7.36,48938.0,27.0,288717.0,150000.0,1300380.0,123265.0,1,20.9," 284,351 ","246,000","2,991"
E09000029,sutton,2011-12-01,26743.0,7.39,29656.0,37.0,191123.0,150000.0,1300380.0,79696.0,1,32.95," 194,087 ","78,000","4,385"
E09000030,tower hamlets,2011-12-01,45970.0,7.02,86593.0,27.0,256012.0,150000.0,1300380.0,105379.0,1,17.15,,"237,000","2,158"
E09000031,waltham forest,2011-12-01,28005.0,7.18,31926.0,27.0,259742.0,150000.0,1300380.0,98279.0,1,24.5," 253,389 ","75,000","3,881"
E09000032,wandsworth,2011-12-01,32033.0,7.46,38695.0,28.0,307710.0,150000.0,1300380.0,134619.0,1,19.8," 302,305 ","129,500","3,522"
E09000033,westminster,2011-12-01,37406.0,7.33,54049.0,25.0,219582.0,150000.0,1300380.0,118318.0,1,17.7,,"659,000","2,203"
E09000001,city of london,2012-12-01,54000.0,6.659058129775579,86987.0,36.0,7604.0,150000.0,1300380.0,5531.0,1,23.75," 7,798 ","412,000",315
E09000002,barking and dagenham,2012-12-01,33131.0,7.09,37059.0,27.0,190560.0,150000.0,1300380.0,71431.0,1,18.7," 190,533 ","54,500","3,780"
E09000003,barnet,2012-12-01,29594.0,7.28,33044.0,33.0,363956.0,150000.0,1300380.0,141461.0,1,27.2," 355,461 ","145,000","8,675"
E09000004,bexley,2012-12-01,27440.0,7.42,30833.0,54.0,234271.0,150000.0,1300380.0,95240.0,1,41.5," 232,682 ","79,500","6,429"
E09000005,brent,2012-12-01,27577.0,7.28,32089.0,43.0,314660.0,150000.0,1300380.0,112643.0,1,25.35," 307,220 ","120,500","4,323"
E09000006,bromley,2012-12-01,28082.0,7.6,33859.0,49.0,314036.0,150000.0,1300380.0,135612.0,1,35.05," 312,248 ","125,500","15,013"
E09000007,camden,2012-12-01,36962.0,7.24,44832.0,31.0,224962.0,150000.0,1300380.0,100196.0,1,25.15," 210,941 ","320,000","2,179"
E09000008,croydon,2012-12-01,28974.0,7.01,33831.0,44.0,368886.0,150000.0,1300380.0,148806.0,1,27.8," 363,545 ","147,000","8,650"
E09000009,ealing,2012-12-01,31104.0,7.22,35024.0,41.0,340671.0,150000.0,1300380.0,127872.0,1,31.3," 337,910 ","144,000","5,554"
E09000010,enfield,2012-12-01,27123.0,7.24,31749.0,39.0,317287.0,150000.0,1300380.0,122339.0,1,27.65," 307,073 ","114,500","8,220"
E09000011,greenwich,2012-12-01,30097.0,7.15,32764.0,40.0,260068.0,150000.0,1300380.0,104509.0,1,26.75," 254,017 ","82,000","5,044"
E09000012,hackney,2012-12-01,34803.0,7.07,41030.0,24.0,252119.0,150000.0,1300380.0,103565.0,1,18.0," 237,843 ","109,500","1,905"
E09000013,hammersmith and fulham,2012-12-01,35136.0,7.21,44065.0,23.0,179850.0,150000.0,1300380.0,82861.0,1,20.6," 178,334 ","139,500","1,715"
E09000014,haringey,2012-12-01,29116.0,7.17,31874.0,32.0,258912.0,150000.0,1300380.0,105456.0,1,22.65," 247,026 ","81,500","2,960"
E09000015,harrow,2012-12-01,26738.0,7.37,31817.0,45.0,242377.0,150000.0,1300380.0,86994.0,1,33.2," 237,234 ","82,000","5,046"
E09000016,havering,2012-12-01,28326.0,7.36,31759.0,35.0,239733.0,150000.0,1300380.0,99226.0,1,24.2," 241,560 ","90,500","11,446"
E09000017,hillingdon,2012-12-01,33822.0,7.37,39849.0,43.0,281756.0,150000.0,1300380.0,104896.0,1,34.1," 275,669 ","202,000","11,570"
E09000018,hounslow,2012-12-01,31821.0,7.35,41688.0,35.0,259052.0,150000.0,1300380.0,97472.0,1,25.9," 253,036 ","150,000","5,659"
E09000019,islington,2012-12-01,36653.0,7.14,58131.0,31.0,211047.0,150000.0,1300380.0,98096.0,1,22.0," 200,758 ","205,500","1,486"
E09000020,kensington and chelsea,2012-12-01,30726.0,7.7,37192.0,26.0,155930.0,150000.0,1300380.0,84900.0,1,22.6," 154,609 ","141,000","1,238"
E09000021,kingston upon thames,2012-12-01,29067.0,7.17,36381.0,46.0,163906.0,150000.0,1300380.0,65422.0,1,34.4," 159,166 ","85,000","3,726"
E09000022,lambeth,2012-12-01,35280.0,7.08,44271.0,23.0,310200.0,150000.0,1300380.0,133063.0,1,21.6," 298,512 ","150,500","2,725"
E09000023,lewisham,2012-12-01,29995.0,7.23,30823.0,20.0,281556.0,150000.0,1300380.0,118839.0,1,15.2," 277,264 ","79,500","3,532"
E09000024,merton,2012-12-01,28613.0,7.18,32742.0,39.0,202225.0,150000.0,1300380.0,81429.0,1,28.45," 202,277 ","87,500","3,762"
E09000025,newham,2012-12-01,30540.0,7.23,35465.0,21.0,314084.0,150000.0,1300380.0,104121.0,1,12.4," 303,632 ","86,500","3,857"
E09000026,redbridge,2012-12-01,28100.0,7.3,30371.0,29.0,284617.0,150000.0,1300380.0,101874.0,1,21.65," 277,852 ","84,000","5,644"
E09000027,richmond upon thames,2012-12-01,31505.0,7.4,36411.0,46.0,189145.0,150000.0,1300380.0,82691.0,1,35.421052631578945," 185,702 ","91,000","5,876"
E09000028,southwark,2012-12-01,36056.0,7.21,47611.0,30.0,293530.0,150000.0,1300380.0,124319.0,1,20.9," 284,351 ","246,000","2,991"
E09000029,sutton,2012-12-01,25247.0,7.28,29407.0,37.0,193630.0,150000.0,1300380.0,80283.0,1,32.95," 194,087 ","78,000","4,385"
E09000030,tower hamlets,2012-12-01,44880.0,7.32,64782.0,28.0,263003.0,150000.0,1300380.0,108254.0,1,17.15,,"237,000","2,158"
E09000031,waltham forest,2012-12-01,27235.0,7.24,30738.0,31.0,262566.0,150000.0,1300380.0,98783.0,1,24.5," 253,389 ","75,000","3,881"
E09000032,wandsworth,2012-12-01,31262.0,7.26,35295.0,24.0,308312.0,150000.0,1300380.0,135601.0,1,19.8," 302,305 ","129,500","3,522"
E09000033,westminster,2012-12-01,37649.0,7.0,55529.0,22.0,223858.0,150000.0,1300380.0,119245.0,1,17.7,,"659,000","2,203"
E09000001,city of london,2013-12-01,54202.0,6.858009653844926,83403.0,39.0,7648.0,150000.0,1300380.0,5566.0,1,23.75," 7,798 ","412,000",315
E09000002,barking and dagenham,2013-12-01,32248.0,7.01,37214.0,25.0,194352.0,150000.0,1300380.0,71937.0,1,18.7," 190,533 ","54,500","3,780"
E09000003,barnet,2013-12-01,29353.0,7.4,33766.0,36.0,369088.0,150000.0,1300380.0,142835.0,1,27.2," 355,461 ","145,000","8,675"
E09000004,bexley,2013-12-01,28512.0,7.28,32463.0,55.0,236687.0,150000.0,1300380.0,95658.0,1,41.5," 232,682 ","79,500","6,429"
E09000005,brent,2013-12-01,28034.0,7.41,34480.0,41.0,317264.0,150000.0,1300380.0,113305.0,1,25.35," 307,220 ","120,500","4,323"
E09000006,bromley,2013-12-01,28126.0,7.53,34133.0,50.0,317899.0,150000.0,1300380.0,136304.0,1,35.05," 312,248 ","125,500","15,013"
E09000007,camden,2013-12-01,36336.0,7.11,45539.0,29.0,229719.0,150000.0,1300380.0,100760.0,1,25.15," 210,941 ","320,000","2,179"
E09000008,croydon,2013-12-01,30939.0,7.36,35213.0,42.0,372752.0,150000.0,1300380.0,149697.0,1,27.8," 363,545 ","147,000","8,650"
E09000009,ealing,2013-12-01,29733.0,7.24,33210.0,40.0,342494.0,150000.0,1300380.0,128862.0,1,31.3," 337,910 ","144,000","5,554"
E09000010,enfield,2013-12-01,25805.0,7.28,30011.0,39.0,320524.0,150000.0,1300380.0,122888.0,1,27.65," 307,073 ","114,500","8,220"
E09000011,greenwich,2013-12-01,29251.0,7.15,33060.0,39.0,264008.0,150000.0,1300380.0,104623.0,1,26.75," 254,017 ","82,000","5,044"
E09000012,hackney,2013-12-01,33097.0,7.05,39044.0,25.0,257379.0,150000.0,1300380.0,104365.0,1,18.0," 237,843 ","109,500","1,905"
E09000013,hammersmith and fulham,2013-12-01,34554.0,7.4,42349.0,21.0,178685.0,150000.0,1300380.0,83281.0,1,20.6," 178,334 ","139,500","1,715"
E09000014,haringey,2013-12-01,29609.0,7.28,32408.0,36.0,263386.0,150000.0,1300380.0,106033.0,1,22.65," 247,026 ","81,500","2,960"
E09000015,harrow,2013-12-01,25784.0,7.51,31504.0,49.0,243373.0,150000.0,1300380.0,87709.0,1,33.2," 237,234 ","82,000","5,046"
E09000016,havering,2013-12-01,29858.0,7.51,32758.0,32.0,242080.0,150000.0,1300380.0,99463.0,1,24.2," 241,560 ","90,500","11,446"
E09000017,hillingdon,2013-12-01,35738.0,7.5,40911.0,43.0,286808.0,150000.0,1300380.0,106363.0,1,34.1," 275,669 ","202,000","11,570"
E09000018,hounslow,2013-12-01,31173.0,7.33,38522.0,35.0,262407.0,150000.0,1300380.0,97704.0,1,25.9," 253,036 ","150,000","5,659"
E09000019,islington,2013-12-01,37325.0,7.35,56967.0,33.0,215671.0,150000.0,1300380.0,99015.0,1,22.0," 200,758 ","205,500","1,486"
E09000020,kensington and chelsea,2013-12-01,31307.0,7.67,37906.0,25.0,155594.0,150000.0,1300380.0,84957.0,1,22.6," 154,609 ","141,000","1,238"
E09000021,kingston upon thames,2013-12-01,29450.0,7.43,35167.0,46.0,166793.0,150000.0,1300380.0,65625.0,1,34.4," 159,166 ","85,000","3,726"
E09000022,lambeth,2013-12-01,35397.0,7.01,43350.0,21.0,314242.0,150000.0,1300380.0,133598.0,1,21.6," 298,512 ","150,500","2,725"
E09000023,lewisham,2013-12-01,30478.0,7.34,30909.0,18.0,286180.0,150000.0,1300380.0,120637.0,1,15.2," 277,264 ","79,500","3,532"
E09000024,merton,2013-12-01,28610.0,7.43,31960.0,39.0,203223.0,150000.0,1300380.0,81842.0,1,28.45," 202,277 ","87,500","3,762"
E09000025,newham,2013-12-01,29334.0,7.24,32807.0,18.0,318227.0,150000.0,1300380.0,104791.0,1,12.4," 303,632 ","86,500","3,857"
E09000026,redbridge,2013-12-01,31215.0,7.47,33442.0,29.0,288272.0,150000.0,1300380.0,102138.0,1,21.65," 277,852 ","84,000","5,644"
E09000027,richmond upon thames,2013-12-01,31997.0,7.6,36611.0,43.0,191365.0,150000.0,1300380.0,83176.0,1,35.421052631578945," 185,702 ","91,000","5,876"
E09000028,southwark,2013-12-01,36198.0,7.58,43807.0,34.0,298465.0,150000.0,1300380.0,125566.0,1,20.9," 284,351 ","246,000","2,991"
E09000029,sutton,2013-12-01,30061.0,7.49,33223.0,37.0,195914.0,150000.0,1300380.0,80510.0,1,32.95," 194,087 ","78,000","4,385"
E09000030,tower hamlets,2013-12-01,46441.0,7.5,73376.0,28.0,272890.0,150000.0,1300380.0,109215.0,1,17.15,,"237,000","2,158"
E09000031,waltham forest,2013-12-01,27977.79218303146,7.34,31143.0,33.0,265797.0,150000.0,1300380.0,99251.0,1,24.5," 253,389 ","75,000","3,881"
E09000032,wandsworth,2013-12-01,31491.0,7.43,36917.0,20.0,310516.0,150000.0,1300380.0,136558.0,1,19.8," 302,305 ","129,500","3,522"
E09000033,westminster,2013-12-01,36946.0,7.53,51094.0,21.0,226841.0,150000.0,1300380.0,119837.0,1,17.7,,"659,000","2,203"
E09000001,city of london,2014-12-01,54710.0,6.618372105773873,82808.0,34.0,8072.0,150000.0,1300380.0,6003.0,1,23.75," 7,798 ","412,000",315
E09000002,barking and dagenham,2014-12-01,32698.0,7.32,36323.0,23.0,198294.0,150000.0,1300380.0,72668.0,1,18.7," 190,533 ","54,500","3,780"
E09000003,barnet,2014-12-01,31162.0,7.54,34936.0,38.0,374915.0,150000.0,1300380.0,143948.0,1,27.2," 355,461 ","145,000","8,675"
E09000004,bexley,2014-12-01,28505.0,7.52,31878.0,54.0,239865.0,150000.0,1300380.0,96186.0,1,41.5," 232,682 ","79,500","6,429"
E09000005,brent,2014-12-01,29514.0,7.24,33484.0,35.0,320762.0,150000.0,1300380.0,114039.0,1,25.35," 307,220 ","120,500","4,323"
E09000006,bromley,2014-12-01,27926.0,7.71,33458.0,48.0,321278.0,150000.0,1300380.0,136453.0,1,35.05," 312,248 ","125,500","15,013"
E09000007,camden,2014-12-01,36748.0,7.25,44629.0,26.0,234846.0,150000.0,1300380.0,101214.0,1,25.15," 210,941 ","320,000","2,179"
E09000008,croydon,2014-12-01,31154.0,7.35,34769.0,40.0,376040.0,150000.0,1300380.0,150992.0,1,27.8," 363,545 ","147,000","8,650"
E09000009,ealing,2014-12-01,28825.0,7.6,32716.0,40.0,342118.0,150000.0,1300380.0,129631.0,1,31.3," 337,910 ","144,000","5,554"
E09000010,enfield,2014-12-01,25805.0,7.45,29804.0,39.0,324574.0,150000.0,1300380.0,123400.0,1,27.65," 307,073 ","114,500","8,220"
E09000011,greenwich,2014-12-01,28954.0,7.33,31690.0,34.0,268678.0,150000.0,1300380.0,105735.0,1,26.75," 254,017 ","82,000","5,044"
E09000012,hackney,2014-12-01,33116.0,7.43,40241.0,25.0,263150.0,150000.0,1300380.0,105490.0,1,18.0," 237,843 ","109,500","1,905"
E09000013,hammersmith and fulham,2014-12-01,33688.0,7.56,38677.0,21.0,178365.0,150000.0,1300380.0,83907.0,1,20.6," 178,334 ","139,500","1,715"
E09000014,haringey,2014-12-01,30325.0,7.38,33616.0,37.0,267541.0,150000.0,1300380.0,106507.0,1,22.65," 247,026 ","81,500","2,960"
E09000015,harrow,2014-12-01,26037.0,7.49,29957.0,45.0,246011.0,150000.0,1300380.0,88004.0,1,33.2," 237,234 ","82,000","5,046"
E09000016,havering,2014-12-01,30003.0,7.62,33536.0,32.0,245974.0,150000.0,1300380.0,99619.0,1,24.2," 241,560 ","90,500","11,446"
E09000017,hillingdon,2014-12-01,33984.0,7.63,42606.0,44.0,292690.0,150000.0,1300380.0,106917.0,1,34.1," 275,669 ","202,000","11,570"
E09000018,hounslow,2014-12-01,33038.0,7.57,41473.0,35.0,265568.0,150000.0,1300380.0,98390.0,1,25.9," 253,036 ","150,000","5,659"
E09000019,islington,2014-12-01,36751.0,7.36,59007.0,33.0,221030.0,150000.0,1300380.0,100258.0,1,22.0," 200,758 ","205,500","1,486"
E09000020,kensington and chelsea,2014-12-01,30002.0,7.65,36844.0,25.0,156190.0,150000.0,1300380.0,85553.0,1,22.6," 154,609 ","141,000","1,238"
E09000021,kingston upon thames,2014-12-01,30768.0,7.52,35833.0,46.0,169958.0,150000.0,1300380.0,65886.0,1,34.4," 159,166 ","85,000","3,726"
E09000022,lambeth,2014-12-01,34491.0,7.41,44566.0,28.0,318216.0,150000.0,1300380.0,134852.0,1,21.6," 298,512 ","150,500","2,725"
E09000023,lewisham,2014-12-01,29983.0,7.33,32256.0,17.0,291933.0,150000.0,1300380.0,121350.0,1,15.2," 277,264 ","79,500","3,532"
E09000024,merton,2014-12-01,27539.0,7.64,31917.0,38.0,203515.0,150000.0,1300380.0,82282.0,1,28.45," 202,277 ","87,500","3,762"
E09000025,newham,2014-12-01,29061.0,7.54,33619.0,17.0,324322.0,150000.0,1300380.0,106760.0,1,12.4," 303,632 ","86,500","3,857"
E09000026,redbridge,2014-12-01,31127.0,7.55,33732.0,29.0,293055.0,150000.0,1300380.0,102396.0,1,21.65," 277,852 ","84,000","5,644"
E09000027,richmond upon thames,2014-12-01,31533.0,7.54,36975.0,41.0,193585.0,150000.0,1300380.0,83540.0,1,35.421052631578945," 185,702 ","91,000","5,876"
E09000028,southwark,2014-12-01,34612.0,7.43,40893.0,35.0,302538.0,150000.0,1300380.0,127217.0,1,20.9," 284,351 ","246,000","2,991"
E09000029,sutton,2014-12-01,25797.0,7.6,30752.0,38.0,198134.0,150000.0,1300380.0,80810.0,1,32.95," 194,087 ","78,000","4,385"
E09000030,tower hamlets,2014-12-01,48309.0,7.54,74087.0,28.0,284015.0,150000.0,1300380.0,109875.0,1,17.15,,"237,000","2,158"
E09000031,waltham forest,2014-12-01,26484.0,7.64,28426.0,36.0,268020.0,150000.0,1300380.0,99640.0,1,24.5," 253,389 ","75,000","3,881"
E09000032,wandsworth,2014-12-01,31085.0,7.47,35182.0,21.0,312145.0,150000.0,1300380.0,137757.0,1,19.8," 302,305 ","129,500","3,522"
E09000033,westminster,2014-12-01,37260.0,7.45,51099.0,19.0,233292.0,150000.0,1300380.0,120367.0,1,17.7,,"659,000","2,203"
E09000001,city of london,2015-12-01,54034.0,6.794193673316425,77754.0,31.0,8760.0,150000.0,1300380.0,6229.0,1,23.75," 7,798 ","412,000",315
E09000002,barking and dagenham,2015-12-01,33018.0,7.45,36705.0,19.0,201979.0,150000.0,1300380.0,73182.0,1,18.7," 190,533 ","54,500","3,780"
E09000003,barnet,2015-12-01,30900.0,7.53,34730.0,37.0,379691.0,150000.0,1300380.0,145272.0,1,27.2," 355,461 ","145,000","8,675"
E09000004,bexley,2015-12-01,29664.0,7.41,33367.0,52.0,242142.0,150000.0,1300380.0,96996.0,1,41.5," 232,682 ","79,500","6,429"
E09000005,brent,2015-12-01,29987.0,7.55,34281.0,36.0,324012.0,150000.0,1300380.0,115598.0,1,25.35," 307,220 ","120,500","4,323"
E09000006,bromley,2015-12-01,30444.0,7.54,35238.0,46.0,324857.0,150000.0,1300380.0,136864.0,1,35.05," 312,248 ","125,500","15,013"
E09000007,camden,2015-12-01,36970.0,7.35,45489.0,25.0,241059.0,150000.0,1300380.0,101653.0,1,25.15," 210,941 ","320,000","2,179"
E09000008,croydon,2015-12-01,30628.0,7.45,34199.0,38.0,379031.0,150000.0,1300380.0,152515.0,1,27.8," 363,545 ","147,000","8,650"
E09000009,ealing,2015-12-01,28657.0,7.65,31980.0,43.0,343059.0,150000.0,1300380.0,130528.0,1,31.3," 337,910 ","144,000","5,554"
E09000010,enfield,2015-12-01,26230.0,7.3,31041.0,36.0,328433.0,150000.0,1300380.0,123799.0,1,27.65," 307,073 ","114,500","8,220"
E09000011,greenwich,2015-12-01,30497.0,7.23,33856.0,35.0,274803.0,150000.0,1300380.0,106883.0,1,26.75," 254,017 ","82,000","5,044"
E09000012,hackney,2015-12-01,31566.0,7.31,38327.0,25.0,269009.0,150000.0,1300380.0,106748.0,1,18.0," 237,843 ","109,500","1,905"
E09000013,hammersmith and fulham,2015-12-01,34652.0,7.68,38176.0,22.0,179410.0,150000.0,1300380.0,85267.0,1,20.6," 178,334 ","139,500","1,715"
E09000014,haringey,2015-12-01,30072.0,7.26,33919.0,36.0,272864.0,150000.0,1300380.0,106640.0,1,22.65," 247,026 ","81,500","2,960"
E09000015,harrow,2015-12-01,26770.0,7.65,31404.0,41.0,247130.0,150000.0,1300380.0,88414.0,1,33.2," 237,234 ","82,000","5,046"
E09000016,havering,2015-12-01,30591.0,7.69,33850.0,32.0,249085.0,150000.0,1300380.0,100261.0,1,24.2," 241,560 ","90,500","11,446"
E09000017,hillingdon,2015-12-01,32681.0,7.46,40529.0,44.0,297735.0,150000.0,1300380.0,107462.0,1,34.1," 275,669 ","202,000","11,570"
E09000018,hounslow,2015-12-01,33717.0,7.54,43037.0,34.0,268770.0,150000.0,1300380.0,98787.0,1,25.9," 253,036 ","150,000","5,659"
E09000019,islington,2015-12-01,36679.0,7.29,49576.0,29.0,227692.0,150000.0,1300380.0,100756.0,1,22.0," 200,758 ","205,500","1,486"
E09000020,kensington and chelsea,2015-12-01,31524.0,7.78,38848.0,26.0,157711.0,150000.0,1300380.0,86537.0,1,22.6," 154,609 ","141,000","1,238"
E09000021,kingston upon thames,2015-12-01,28635.0,7.71,31728.0,46.0,173525.0,150000.0,1300380.0,66412.0,1,34.4," 159,166 ","85,000","3,726"
E09000022,lambeth,2015-12-01,34852.0,7.41,45180.0,29.0,324431.0,150000.0,1300380.0,136263.0,1,21.6," 298,512 ","150,500","2,725"
E09000023,lewisham,2015-12-01,30932.0,7.14,32602.0,18.0,297325.0,150000.0,1300380.0,122818.0,1,15.2," 277,264 ","79,500","3,532"
E09000024,merton,2015-12-01,30040.0,7.56,32907.0,35.0,204565.0,150000.0,1300380.0,82707.0,1,28.45," 202,277 ","87,500","3,762"
E09000025,newham,2015-12-01,28886.0,7.73,33127.0,15.0,332817.0,150000.0,1300380.0,108810.0,1,12.4," 303,632 ","86,500","3,857"
E09000026,redbridge,2015-12-01,29098.0,7.87,33182.0,28.0,296793.0,150000.0,1300380.0,102653.0,1,21.65," 277,852 ","84,000","5,644"
E09000027,richmond upon thames,2015-12-01,32660.0,7.74,38060.0,41.0,194730.0,150000.0,1300380.0,83781.0,1,35.421052631578945," 185,702 ","91,000","5,876"
E09000028,southwark,2015-12-01,36238.0,7.49,42316.0,35.0,308901.0,150000.0,1300380.0,128358.0,1,20.9," 284,351 ","246,000","2,991"
E09000029,sutton,2015-12-01,27355.0,7.45,32427.0,35.0,200145.0,150000.0,1300380.0,81237.0,1,32.95," 194,087 ","78,000","4,385"
E09000030,tower hamlets,2015-12-01,46681.0,7.48,67320.0,27.0,295236.0,150000.0,1300380.0,110791.0,1,17.15,,"237,000","2,158"
E09000031,waltham forest,2015-12-01,29352.0,7.55,30911.0,35.0,271170.0,150000.0,1300380.0,100311.0,1,24.5," 253,389 ","75,000","3,881"
E09000032,wandsworth,2015-12-01,31968.0,7.53,37251.0,21.0,314544.0,150000.0,1300380.0,138841.0,1,19.8," 302,305 ","129,500","3,522"
E09000033,westminster,2015-12-01,39392.0,7.6,53316.0,17.0,242299.0,150000.0,1300380.0,121116.0,1,17.7,,"659,000","2,203"
E09000001,city of london,2016-12-01,55487.0,6.573390796615213,79489.0,29.0,9401.0,150000.0,1300380.0,6306.0,1,23.75," 7,798 ","412,000",315
E09000002,barking and dagenham,2016-12-01,30994.0,7.5,37959.0,25.0,206460.0,150000.0,1300380.0,73914.0,1,18.7," 190,533 ","54,500","3,780"
E09000003,barnet,2016-12-01,32623.0,7.47,35315.0,37.0,386083.0,150000.0,1300380.0,146730.0,1,27.2," 355,461 ","145,000","8,675"
E09000004,bexley,2016-12-01,27977.79218303146,7.46,32666.0,53.0,244760.0,150000.0,1300380.0,96864.0,1,41.5," 232,682 ","79,500","6,429"
E09000005,brent,2016-12-01,30699.0,7.67,36579.0,36.0,328254.0,150000.0,1300380.0,116649.0,1,25.35," 307,220 ","120,500","4,323"
E09000006,bromley,2016-12-01,30861.0,7.6,35338.0,47.0,326889.0,150000.0,1300380.0,137564.0,1,35.05," 312,248 ","125,500","15,013"
E09000007,camden,2016-12-01,37817.0,7.56,45644.0,27.0,246181.0,150000.0,1300380.0,102618.0,1,25.15," 210,941 ","320,000","2,179"
E09000008,croydon,2016-12-01,31479.0,7.68,34474.205882352944,39.0,382304.0,150000.0,1300380.0,154559.0,1,27.8," 363,545 ","147,000","8,650"
E09000009,ealing,2016-12-01,29241.0,7.42,34468.0,51.0,343196.0,150000.0,1300380.0,131249.0,1,31.3," 337,910 ","144,000","5,554"
E09000010,enfield,2016-12-01,28918.0,7.29,33076.0,37.0,331395.0,150000.0,1300380.0,124471.0,1,27.65," 307,073 ","114,500","8,220"
E09000011,greenwich,2016-12-01,30180.0,7.28,33568.0,35.0,279766.0,150000.0,1300380.0,108603.0,1,26.75," 254,017 ","82,000","5,044"
E09000012,hackney,2016-12-01,32404.0,7.26,39387.0,27.0,273526.0,150000.0,1300380.0,107574.0,1,18.0," 237,843 ","109,500","1,905"
E09000013,hammersmith and fulham,2016-12-01,35000.0,7.47,40291.0,23.0,179654.0,150000.0,1300380.0,85635.0,1,20.6," 178,334 ","139,500","1,715"
E09000014,haringey,2016-12-01,29753.0,7.56,32799.0,36.0,278451.0,150000.0,1300380.0,106879.0,1,22.65," 247,026 ","81,500","2,960"
E09000015,harrow,2016-12-01,30134.0,7.64,34743.0,40.0,248752.0,150000.0,1300380.0,89324.0,1,33.2," 237,234 ","82,000","5,046"
E09000016,havering,2016-12-01,28906.0,7.53,33025.0,37.0,252783.0,150000.0,1300380.0,101273.0,1,24.2," 241,560 ","90,500","11,446"
E09000017,hillingdon,2016-12-01,33093.0,7.68,39729.0,43.0,302471.0,150000.0,1300380.0,108171.0,1,34.1," 275,669 ","202,000","11,570"
E09000018,hounslow,2016-12-01,36235.0,7.96,47577.0,30.0,271139.0,150000.0,1300380.0,99267.0,1,25.9," 253,036 ","150,000","5,659"
E09000019,islington,2016-12-01,39894.0,7.38,52885.0,32.0,232865.0,150000.0,1300380.0,101783.0,1,22.0," 200,758 ","205,500","1,486"
E09000020,kensington and chelsea,2016-12-01,30008.0,7.52,35249.0,26.0,156726.0,150000.0,1300380.0,86921.0,1,22.6," 154,609 ","141,000","1,238"
E09000021,kingston upon thames,2016-12-01,30729.0,7.69,34343.0,47.0,176107.0,150000.0,1300380.0,66651.0,1,34.4," 159,166 ","85,000","3,726"
E09000022,lambeth,2016-12-01,34670.0,7.35,41335.0,29.0,327910.0,150000.0,1300380.0,137610.0,1,21.6," 298,512 ","150,500","2,725"
E09000023,lewisham,2016-12-01,32217.0,7.18,34588.0,18.0,301867.0,150000.0,1300380.0,124357.0,1,15.2," 277,264 ","79,500","3,532"
E09000024,merton,2016-12-01,28224.0,7.62,34199.0,36.0,205029.0,150000.0,1300380.0,83215.0,1,28.45," 202,277 ","87,500","3,762"
E09000025,newham,2016-12-01,30743.0,7.61,36946.0,14.0,340978.0,150000.0,1300380.0,110251.0,1,12.4," 303,632 ","86,500","3,857"
E09000026,redbridge,2016-12-01,28237.0,7.57,32190.0,27.0,299249.0,150000.0,1300380.0,102707.0,1,21.65," 277,852 ","84,000","5,644"
E09000027,richmond upon thames,2016-12-01,33329.0,7.71,38572.0,42.0,195846.0,150000.0,1300380.0,84294.0,1,35.421052631578945," 185,702 ","91,000","5,876"
E09000028,southwark,2016-12-01,37159.0,7.37,42583.0,34.0,313223.0,150000.0,1300380.0,129740.0,1,20.9," 284,351 ","246,000","2,991"
E09000029,sutton,2016-12-01,28318.0,7.66,34818.0,37.0,202220.0,150000.0,1300380.0,81628.0,1,32.95," 194,087 ","78,000","4,385"
E09000030,tower hamlets,2016-12-01,45975.0,7.75,64345.0,28.0,304854.0,150000.0,1300380.0,113185.0,1,17.15,,"237,000","2,158"
E09000031,waltham forest,2016-12-01,27455.0,7.67,30172.0,34.0,275843.0,150000.0,1300380.0,101284.0,1,24.5," 253,389 ","75,000","3,881"
E09000032,wandsworth,2016-12-01,33405.0,7.64,37651.0,22.0,316096.0,150000.0,1300380.0,141579.0,1,19.8," 302,305 ","129,500","3,522"
E09000033,westminster,2016-12-01,40000.0,7.68,53888.0,17.0,247614.0,150000.0,1300380.0,122024.0,1,17.7,,"659,000","2,203"
E09000001,city of london,2017-12-01,56295.0,6.569202440180881,80655.0,29.0,7654.0,150000.0,1300380.0,6313.0,1,23.75," 7,798 ","412,000",315
E09000002,barking and dagenham,2017-12-01,28553.0,7.66,32093.0,25.0,210711.0,150000.0,1300380.0,74510.0,1,18.7," 190,533 ","54,500","3,780"
E09000003,barnet,2017-12-01,32143.0,7.63,36818.0,37.0,387803.0,150000.0,1300380.0,148529.0,1,27.2," 355,461 ","145,000","8,675"
E09000004,bexley,2017-12-01,30733.0,7.42,33857.0,52.0,246124.0,150000.0,1300380.0,97628.0,1,41.5," 232,682 ","79,500","6,429"
E09000005,brent,2017-12-01,30134.0,7.79,35840.0,37.0,329102.0,150000.0,1300380.0,118013.0,1,25.35," 307,220 ","120,500","4,323"
E09000006,bromley,2017-12-01,29819.0,7.31,34354.0,50.0,329391.0,150000.0,1300380.0,138422.0,1,35.05," 312,248 ","125,500","15,013"
E09000007,camden,2017-12-01,38147.0,7.31,44970.0,30.0,253361.0,150000.0,1300380.0,103826.0,1,25.15," 210,941 ","320,000","2,179"
E09000008,croydon,2017-12-01,32109.0,7.49,35839.0,38.0,384837.0,150000.0,1300380.0,157394.0,1,27.8," 363,545 ","147,000","8,650"
E09000009,ealing,2017-12-01,30259.0,7.55,36039.0,49.0,342736.0,150000.0,1300380.0,132094.0,1,31.3," 337,910 ","144,000","5,554"
E09000010,enfield,2017-12-01,29134.0,7.34,34096.0,36.0,332705.0,150000.0,1300380.0,125369.0,1,27.65," 307,073 ","114,500","8,220"
E09000011,greenwich,2017-12-01,32635.0,7.47,35702.0,35.0,282849.0,150000.0,1300380.0,110983.0,1,26.75," 254,017 ","82,000","5,044"
E09000012,hackney,2017-12-01,33618.0,7.34,42457.0,27.0,275929.0,150000.0,1300380.0,108770.0,1,18.0," 237,843 ","109,500","1,905"
E09000013,hammersmith and fulham,2017-12-01,36972.0,7.34,45218.0,24.0,182998.0,150000.0,1300380.0,86609.0,1,20.6," 178,334 ","139,500","1,715"
E09000014,haringey,2017-12-01,31442.0,7.6,35729.0,33.0,271224.0,150000.0,1300380.0,107620.0,1,22.65," 247,026 ","81,500","2,960"
E09000015,harrow,2017-12-01,31255.0,7.79,39293.0,41.0,248880.0,150000.0,1300380.0,89980.0,1,33.2," 237,234 ","82,000","5,046"
E09000016,havering,2017-12-01,29134.0,7.58,33432.0,37.0,256039.0,150000.0,1300380.0,101716.0,1,24.2," 241,560 ","90,500","11,446"
E09000017,hillingdon,2017-12-01,33596.0,7.55,41156.0,40.0,302343.0,150000.0,1300380.0,108935.0,1,34.1," 275,669 ","202,000","11,570"
E09000018,hounslow,2017-12-01,34119.0,7.34,42932.0,30.0,269100.0,150000.0,1300380.0,99824.0,1,25.9," 253,036 ","150,000","5,659"
E09000019,islington,2017-12-01,39348.0,7.38,52752.0,29.0,235000.0,150000.0,1300380.0,102457.0,1,22.0," 200,758 ","205,500","1,486"
E09000020,kensington and chelsea,2017-12-01,31678.0,7.31,38625.0,26.0,155741.0,150000.0,1300380.0,87276.0,1,22.6," 154,609 ","141,000","1,238"
E09000021,kingston upon thames,2017-12-01,31308.0,7.6,36139.0,48.0,174609.0,150000.0,1300380.0,66924.0,1,34.4," 159,166 ","85,000","3,726"
E09000022,lambeth,2017-12-01,35036.0,7.42,40458.0,30.0,324048.0,150000.0,1300380.0,138745.0,1,21.6," 298,512 ","150,500","2,725"
E09000023,lewisham,2017-12-01,33294.0,7.31,35454.0,22.0,301307.0,150000.0,1300380.0,125961.0,1,15.2," 277,264 ","79,500","3,532"
E09000024,merton,2017-12-01,29627.0,7.55,35907.0,37.0,206052.0,150000.0,1300380.0,83649.0,1,28.45," 202,277 ","87,500","3,762"
E09000025,newham,2017-12-01,30770.0,7.47,38661.0,14.0,347996.0,150000.0,1300380.0,112628.0,1,12.4," 303,632 ","86,500","3,857"
E09000026,redbridge,2017-12-01,29189.0,7.55,32792.0,24.0,301785.0,150000.0,1300380.0,103462.0,1,21.65," 277,852 ","84,000","5,644"
E09000027,richmond upon thames,2017-12-01,32141.0,7.73,39407.0,42.0,195680.0,150000.0,1300380.0,84759.0,1,35.421052631578945," 185,702 ","91,000","5,876"
E09000028,southwark,2017-12-01,37601.0,7.47,44008.0,35.0,314232.0,150000.0,1300380.0,132152.0,1,20.9," 284,351 ","246,000","2,991"
E09000029,sutton,2017-12-01,27945.0,7.91,35113.0,50.0,203243.0,150000.0,1300380.0,82281.0,1,32.95," 194,087 ","78,000","4,385"
E09000030,tower hamlets,2017-12-01,49369.0,7.51,75103.0,26.0,307964.0,150000.0,1300380.0,118012.0,1,17.15,,"237,000","2,158"
E09000031,waltham forest,2017-12-01,28284.0,7.73,31049.0,32.0,275505.0,150000.0,1300380.0,102317.0,1,24.5," 253,389 ","75,000","3,881"
E09000032,wandsworth,2017-12-01,33137.0,7.64,40076.0,22.0,323257.0,150000.0,1300380.0,143915.0,1,19.8," 302,305 ","129,500","3,522"
E09000033,westminster,2017-12-01,42152.0,7.57,59878.0,19.0,244796.0,150000.0,1300380.0,123366.0,1,17.7,,"659,000","2,203"
E09000001,city of london,2018-12-01,61203.0,6.998940453283553,90028.0,30.0,8706.0,150000.0,1300380.0,6451.0,1,23.75," 7,798 ","412,000",315
E09000002,barking and dagenham,2018-12-01,29995.0,7.52,32671.0,24.0,211998.0,150000.0,1300380.0,74923.0,1,18.7," 190,533 ","54,500","3,780"
E09000003,barnet,2018-12-01,29927.0,7.55,36776.0,35.0,392140.0,150000.0,1300380.0,150737.0,1,27.2," 355,461 ","145,000","8,675"
E09000004,bexley,2018-12-01,27977.79218303146,7.54,34496.0,54.0,247258.0,150000.0,1300380.0,97905.0,1,41.5," 232,682 ","79,500","6,429"
E09000005,brent,2018-12-01,30366.0,7.71,35830.0,37.0,330795.0,150000.0,1300380.0,118707.0,1,25.35," 307,220 ","120,500","4,323"
E09000006,bromley,2018-12-01,30762.0,7.57,35201.0,50.0,331096.0,150000.0,1300380.0,138976.0,1,35.05," 312,248 ","125,500","15,013"
E09000007,camden,2018-12-01,39198.0,7.48,46502.0,31.0,262226.0,150000.0,1300380.0,104771.0,1,25.15," 210,941 ","320,000","2,179"
E09000008,croydon,2018-12-01,33804.0,7.69,36880.0,47.0,385346.0,150000.0,1300380.0,159470.0,1,27.8," 363,545 ","147,000","8,650"
E09000009,ealing,2018-12-01,29928.0,7.53,36304.0,53.0,341982.0,150000.0,1300380.0,133551.0,1,31.3," 337,910 ","144,000","5,554"
E09000010,enfield,2018-12-01,29238.0,7.37,37030.0,33.0,333869.0,150000.0,1300380.0,125755.0,1,27.65," 307,073 ","114,500","8,220"
E09000011,greenwich,2018-12-01,33163.0,7.54,36288.0,33.0,286186.0,150000.0,1300380.0,112884.0,1,26.75," 254,017 ","82,000","5,044"
E09000012,hackney,2018-12-01,35286.0,7.5,40439.0,28.0,279665.0,150000.0,1300380.0,110037.0,1,18.0," 237,843 ","109,500","1,905"
E09000013,hammersmith and fulham,2018-12-01,40972.0,7.72,44781.0,24.0,185426.0,150000.0,1300380.0,88140.0,1,20.6," 178,334 ","139,500","1,715"
E09000014,haringey,2018-12-01,29801.0,7.35,34178.0,29.0,270624.0,150000.0,1300380.0,108820.0,1,22.65," 247,026 ","81,500","2,960"
E09000015,harrow,2018-12-01,30553.0,7.65,35325.0,40.0,250149.0,150000.0,1300380.0,90680.0,1,33.2," 237,234 ","82,000","5,046"
E09000016,havering,2018-12-01,30181.0,7.68,34484.0,37.0,257810.0,150000.0,1300380.0,101993.0,1,24.2," 241,560 ","90,500","11,446"
E09000017,hillingdon,2018-12-01,31886.0,7.76,39670.0,37.0,304824.0,150000.0,1300380.0,109777.0,1,34.1," 275,669 ","202,000","11,570"
E09000018,hounslow,2018-12-01,35935.0,7.85,46102.0,31.0,270782.0,150000.0,1300380.0,100735.0,1,25.9," 253,036 ","150,000","5,659"
E09000019,islington,2018-12-01,40000.0,7.51,53489.0,29.0,239142.0,150000.0,1300380.0,102824.0,1,22.0," 200,758 ","205,500","1,486"
E09000020,kensington and chelsea,2018-12-01,32976.0,7.23,42099.0,27.0,156197.0,150000.0,1300380.0,87611.0,1,22.6," 154,609 ","141,000","1,238"
E09000021,kingston upon thames,2018-12-01,27977.79218303146,7.78,36282.0,49.0,175470.0,150000.0,1300380.0,67141.0,1,34.4," 159,166 ","85,000","3,726"
E09000022,lambeth,2018-12-01,36200.0,7.22,44814.0,30.0,325917.0,150000.0,1300380.0,140288.0,1,21.6," 298,512 ","150,500","2,725"
E09000023,lewisham,2018-12-01,29966.0,7.49,33493.0,28.0,303536.0,150000.0,1300380.0,126487.0,1,15.2," 277,264 ","79,500","3,532"
E09000024,merton,2018-12-01,31182.0,7.84,34474.205882352944,39.0,206186.0,150000.0,1300380.0,84297.0,1,28.45," 202,277 ","87,500","3,762"
E09000025,newham,2018-12-01,30392.0,7.54,37849.0,17.0,352005.0,150000.0,1300380.0,114474.0,1,12.4," 303,632 ","86,500","3,857"
E09000026,redbridge,2018-12-01,27977.79218303146,7.54,31990.0,25.0,303858.0,150000.0,1300380.0,103924.0,1,21.65," 277,852 ","84,000","5,644"
E09000027,richmond upon thames,2018-12-01,34027.0,7.7,40427.0,43.0,196904.0,150000.0,1300380.0,85141.0,1,35.421052631578945," 185,702 ","91,000","5,876"
E09000028,southwark,2018-12-01,39998.0,7.34,48333.0,35.0,317256.0,150000.0,1300380.0,132970.0,1,20.9," 284,351 ","246,000","2,991"
E09000029,sutton,2018-12-01,28853.0,7.88,32442.0,49.0,204525.0,150000.0,1300380.0,82978.0,1,32.95," 194,087 ","78,000","4,385"
E09000030,tower hamlets,2018-12-01,49237.0,7.82,69806.0,23.0,317705.0,150000.0,1300380.0,120015.0,1,17.15,,"237,000","2,158"
E09000031,waltham forest,2018-12-01,30298.0,7.46,32875.0,32.0,276700.0,150000.0,1300380.0,103029.0,1,24.5," 253,389 ","75,000","3,881"
E09000032,wandsworth,2018-12-01,34501.0,7.65,45317.0,23.0,326474.0,150000.0,1300380.0,146162.0,1,19.8," 302,305 ","129,500","3,522"
E09000033,westminster,2018-12-01,43015.0,7.66,63792.0,22.0,255324.0,150000.0,1300380.0,124509.0,1,17.7,,"659,000","2,203"
E09000001,city of london,2019-12-01,61636.0,6.613749977931561,88342.0,23.75,7798.0,412000.0,315.0,0.0,1,23.75," 7,798 ","412,000",315
E09000002,barking and dagenham,2019-12-01,28738.0,6.842828722132556,32010.0,18.7,190533.0,54500.0,3780.0,0.0,1,18.7," 190,533 ","54,500","3,780"
E09000003,barnet,2019-12-01,31624.0,6.7711762031840355,37328.0,27.2,355461.0,145000.0,8675.0,0.0,1,27.2," 355,461 ","145,000","8,675"
E09000004,bexley,2019-12-01,31642.0,6.7814504105737345,33978.0,41.5,232682.0,79500.0,6429.0,0.0,1,41.5," 232,682 ","79,500","6,429"
E09000005,brent,2019-12-01,31739.0,6.7575512328948415,36816.0,25.35,307220.0,120500.0,4323.0,0.0,1,25.35," 307,220 ","120,500","4,323"
E09000006,bromley,2019-12-01,27977.79218303146,6.789975738938695,37564.0,35.05,312248.0,125500.0,15013.0,0.0,1,35.05," 312,248 ","125,500","15,013"
E09000007,camden,2019-12-01,40196.0,6.606901068335743,49115.0,25.15,210941.0,320000.0,2179.0,0.0,1,25.15," 210,941 ","320,000","2,179"
E09000008,croydon,2019-12-01,35237.0,6.635741024270143,38363.0,27.8,363545.0,147000.0,8650.0,0.0,1,27.8," 363,545 ","147,000","8,650"
E09000009,ealing,2019-12-01,31021.0,6.633048692276898,36420.0,31.3,337910.0,144000.0,5554.0,0.0,1,31.3," 337,910 ","144,000","5,554"
E09000010,enfield,2019-12-01,28258.0,6.545328835657513,36320.0,27.65,307073.0,114500.0,8220.0,0.0,1,27.65," 307,073 ","114,500","8,220"
E09000011,greenwich,2019-12-01,33081.0,6.663099385713301,36425.0,26.75,254017.0,82000.0,5044.0,0.0,1,26.75," 254,017 ","82,000","5,044"
E09000012,hackney,2019-12-01,35020.0,6.535477680460646,42067.0,18.0,237843.0,109500.0,1905.0,0.0,1,18.0," 237,843 ","109,500","1,905"
E09000013,hammersmith and fulham,2019-12-01,37990.0,6.887123206487922,48362.0,20.6,178334.0,139500.0,1715.0,0.0,1,20.6," 178,334 ","139,500","1,715"
E09000014,haringey,2019-12-01,30452.0,6.8274006085550205,35251.0,22.65,247026.0,81500.0,2960.0,0.0,1,22.65," 247,026 ","81,500","2,960"
E09000015,harrow,2019-12-01,32809.0,6.612179025858511,37172.0,33.2,237234.0,82000.0,5046.0,0.0,1,33.2," 237,234 ","82,000","5,046"
E09000016,havering,2019-12-01,32321.0,6.9352624749257705,37161.0,24.2,241560.0,90500.0,11446.0,0.0,1,24.2," 241,560 ","90,500","11,446"
E09000017,hillingdon,2019-12-01,35231.0,6.593450420696349,41686.0,34.1,275669.0,202000.0,11570.0,0.0,1,34.1," 275,669 ","202,000","11,570"
E09000018,hounslow,2019-12-01,36487.0,6.746875602253862,50418.0,25.9,253036.0,150000.0,5659.0,0.0,1,25.9," 253,036 ","150,000","5,659"
E09000019,islington,2019-12-01,41076.0,6.594150900259739,53466.0,22.0,200758.0,205500.0,1486.0,0.0,1,22.0," 200,758 ","205,500","1,486"
E09000020,kensington and chelsea,2019-12-01,33000.0,6.934496319593242,41741.0,22.6,154609.0,141000.0,1238.0,0.0,1,22.6," 154,609 ","141,000","1,238"
E09000021,kingston upon thames,2019-12-01,32138.0,6.925863998930434,37666.0,34.4,159166.0,85000.0,3726.0,0.0,1,34.4," 159,166 ","85,000","3,726"
E09000022,lambeth,2019-12-01,36825.0,6.597742555187956,48004.0,21.6,298512.0,150500.0,2725.0,0.0,1,21.6," 298,512 ","150,500","2,725"
E09000023,lewisham,2019-12-01,32334.0,6.825547318172573,36036.0,15.2,277264.0,79500.0,3532.0,0.0,1,15.2," 277,264 ","79,500","3,532"
E09000024,merton,2019-12-01,31699.0,6.503492431677252,34474.205882352944,28.45,202277.0,87500.0,3762.0,0.0,1,28.45," 202,277 ","87,500","3,762"
E09000025,newham,2019-12-01,33944.0,6.857715574442883,41592.0,12.4,303632.0,86500.0,3857.0,0.0,1,12.4," 303,632 ","86,500","3,857"
E09000026,redbridge,2019-12-01,29108.0,6.526787507018779,34096.0,21.65,277852.0,84000.0,5644.0,0.0,1,21.65," 277,852 ","84,000","5,644"
E09000027,richmond upon thames,2019-12-01,35191.0,6.9883355817016755,42092.0,35.421052631578945,185702.0,91000.0,5876.0,0.0,1,35.421052631578945," 185,702 ","91,000","5,876"
E09000028,southwark,2019-12-01,40303.0,6.815957935445555,47811.0,20.9,284351.0,246000.0,2991.0,0.0,1,20.9," 284,351 ","246,000","2,991"
E09000029,sutton,2019-12-01,32947.0,6.597599256540258,37392.0,32.95,194087.0,78000.0,4385.0,0.0,1,32.95," 194,087 ","78,000","4,385"
E09000030,tower hamlets,2019-12-01,46142.0,6.805981749461371,69434.0,17.15,291534.0,237000.0,2158.0,0.0,1,17.15,,"237,000","2,158"
E09000031,waltham forest,2019-12-01,30718.0,6.6283722261326545,33119.0,24.5,253389.0,75000.0,3881.0,0.0,1,24.5," 253,389 ","75,000","3,881"
E09000032,wandsworth,2019-12-01,34168.0,6.944088036117967,39617.0,19.8,302305.0,129500.0,3522.0,0.0,1,19.8," 302,305 ","129,500","3,522"
E09000033,westminster,2019-12-01,43556.0,6.739418571095559,60010.0,17.7,291534.0,659000.0,2203.0,0.0,1,17.7,,"659,000","2,203"
